question_id,question,reference_answer,retrieval_method,n_noise,noise_ratio,retrieved_ids,noise_ids,context_ids,generated_answer,latency_seconds,token_f1,semantic_similarity
q_0001,"Based on the knowledge base, summarize the key point from: Architecture note: Playback API / Observability / Search / Billing.",Authentication tokens are validated before playback sessions are authorized,bm25,0,0.0,"['doc_0154_chunk_1', 'doc_0332_chunk_1', 'doc_0702_chunk_1', 'doc_0376_chunk_1', 'doc_0833_chunk_1']",[],"['doc_0154_chunk_1', 'doc_0332_chunk_1', 'doc_0702_chunk_1', 'doc_0376_chunk_1', 'doc_0833_chunk_1']","The evidence provided does not contain a description of the “Architecture note: Playback API / Observability / Search / Billing.” None of the excerpts mention the Search service, and there is no specific summary of that architecture note. Therefore, I cannot provide a summary based on the available evidence.",0.5401825904846191,0.0363636363636363,0.3298481702804565
q_0001,"Based on the knowledge base, summarize the key point from: Architecture note: Playback API / Observability / Search / Billing.",Authentication tokens are validated before playback sessions are authorized,bm25,1,0.1666666666666666,"['doc_0154_chunk_1', 'doc_0332_chunk_1', 'doc_0702_chunk_1', 'doc_0376_chunk_1', 'doc_0833_chunk_1']",['doc_0875_chunk_3'],"['doc_0154_chunk_1', 'doc_0332_chunk_1', 'doc_0702_chunk_1', 'doc_0376_chunk_1', 'doc_0833_chunk_1', 'doc_0875_chunk_3']","The architecture note emphasizes that the streaming platform’s core services are **Playback API, Observability, Search, and Billing**. It also notes that **requests flow from edge caches to regional clusters, with automated health checks ensuring service reliability**.",0.556373119354248,0.0869565217391304,0.2967056632041931
q_0001,"Based on the knowledge base, summarize the key point from: Architecture note: Playback API / Observability / Search / Billing.",Authentication tokens are validated before playback sessions are authorized,bm25,2,0.2857142857142857,"['doc_0154_chunk_1', 'doc_0332_chunk_1', 'doc_0702_chunk_1', 'doc_0376_chunk_1', 'doc_0833_chunk_1']","['doc_0153_chunk_1', 'doc_0035_chunk_1']","['doc_0154_chunk_1', 'doc_0332_chunk_1', 'doc_0702_chunk_1', 'doc_0376_chunk_1', 'doc_0833_chunk_1', 'doc_0153_chunk_1', 'doc_0035_chunk_1']","The architecture note highlights that the core services of the streaming platform are **Playback API, Observability, Search, and Billing**.  Requests are routed from edge caches to regional clusters, where automated health checks monitor service availability.",0.6898641586303711,0.1363636363636363,0.2799197435379028
q_0001,"Based on the knowledge base, summarize the key point from: Architecture note: Playback API / Observability / Search / Billing.",Authentication tokens are validated before playback sessions are authorized,bm25,4,0.4444444444444444,"['doc_0154_chunk_1', 'doc_0332_chunk_1', 'doc_0702_chunk_1', 'doc_0376_chunk_1', 'doc_0833_chunk_1']","['doc_1015_chunk_1', 'doc_0377_chunk_2', 'doc_0336_chunk_1', 'doc_0306_chunk_1']","['doc_0154_chunk_1', 'doc_0332_chunk_1', 'doc_0702_chunk_1', 'doc_0376_chunk_1', 'doc_0833_chunk_1', 'doc_1015_chunk_1', 'doc_0377_chunk_2', 'doc_0336_chunk_1', 'doc_0306_chunk_1']","The architecture note highlights that the streaming platform’s core services are **Playback API, Observability, Search, and Billing**. All requests travel from edge caches to regional clusters, where automated health checks monitor service availability.",0.2884533405303955,0.0930232558139534,0.2823996841907501
q_0001,"Based on the knowledge base, summarize the key point from: Architecture note: Playback API / Observability / Search / Billing.",Authentication tokens are validated before playback sessions are authorized,dense,0,0.0,"['doc_0154_chunk_1', 'doc_0763_chunk_1', 'doc_0290_chunk_1', 'doc_0807_chunk_1', 'doc_0702_chunk_1']",[],"['doc_0154_chunk_1', 'doc_0763_chunk_1', 'doc_0290_chunk_1', 'doc_0807_chunk_1', 'doc_0702_chunk_1']","The architecture note highlights that the core services of the streaming platform are **Playback API, Observability, Search, and Billing**. It also notes that requests flow from edge caches to regional clusters and that automated health checks are in place.",0.2243921756744384,0.125,0.2812766134738922
q_0001,"Based on the knowledge base, summarize the key point from: Architecture note: Playback API / Observability / Search / Billing.",Authentication tokens are validated before playback sessions are authorized,dense,1,0.1666666666666666,"['doc_0154_chunk_1', 'doc_0763_chunk_1', 'doc_0290_chunk_1', 'doc_0807_chunk_1', 'doc_0702_chunk_1']",['doc_0191_chunk_3'],"['doc_0154_chunk_1', 'doc_0763_chunk_1', 'doc_0290_chunk_1', 'doc_0807_chunk_1', 'doc_0702_chunk_1', 'doc_0191_chunk_3']","The architecture note highlights that the streaming platform’s core services are **Playback API, Observability, Search, and Billing**.  Requests are routed from edge caches to regional clusters, where automated health checks monitor service availability.",0.4439547061920166,0.1395348837209302,0.280701994895935
q_0001,"Based on the knowledge base, summarize the key point from: Architecture note: Playback API / Observability / Search / Billing.",Authentication tokens are validated before playback sessions are authorized,dense,2,0.2857142857142857,"['doc_0154_chunk_1', 'doc_0763_chunk_1', 'doc_0290_chunk_1', 'doc_0807_chunk_1', 'doc_0702_chunk_1']","['doc_1008_chunk_1', 'doc_0140_chunk_3']","['doc_0154_chunk_1', 'doc_0763_chunk_1', 'doc_0290_chunk_1', 'doc_0807_chunk_1', 'doc_0702_chunk_1', 'doc_1008_chunk_1', 'doc_0140_chunk_3']","The architecture note emphasizes that the core services of the streaming platform are **Playback API, Observability, Search, and Billing**. It also notes that requests flow from edge caches to regional clusters and that automated health checks are in place.",0.468395471572876,0.125,0.2941774129867553
q_0001,"Based on the knowledge base, summarize the key point from: Architecture note: Playback API / Observability / Search / Billing.",Authentication tokens are validated before playback sessions are authorized,dense,4,0.4444444444444444,"['doc_0154_chunk_1', 'doc_0763_chunk_1', 'doc_0290_chunk_1', 'doc_0807_chunk_1', 'doc_0702_chunk_1']","['doc_0926_chunk_2', 'doc_1013_chunk_3', 'doc_0746_chunk_2', 'doc_0119_chunk_3']","['doc_0154_chunk_1', 'doc_0763_chunk_1', 'doc_0290_chunk_1', 'doc_0807_chunk_1', 'doc_0702_chunk_1', 'doc_0926_chunk_2', 'doc_1013_chunk_3', 'doc_0746_chunk_2', 'doc_0119_chunk_3']","The architecture note highlights that the core services of the streaming platform are **Playback API, Observability, Search, and Billing**. Requests are routed from edge caches to regional clusters, where automated health checks monitor service availability.",0.5501646995544434,0.1363636363636363,0.2799197435379028
q_0001,"Based on the knowledge base, summarize the key point from: Architecture note: Playback API / Observability / Search / Billing.",Authentication tokens are validated before playback sessions are authorized,hybrid,0,0.0,"['doc_0154_chunk_1', 'doc_0290_chunk_1', 'doc_0702_chunk_1', 'doc_1089_chunk_1', 'doc_0506_chunk_1']",[],"['doc_0154_chunk_1', 'doc_0290_chunk_1', 'doc_0702_chunk_1', 'doc_1089_chunk_1', 'doc_0506_chunk_1']","The architecture note emphasizes that the core services of the streaming platform are **Playback API, Observability, Search, and Billing**. It also notes that requests travel from edge caches to regional clusters, where automated health checks are performed.",0.6094763278961182,0.1304347826086956,0.3046723902225494
q_0001,"Based on the knowledge base, summarize the key point from: Architecture note: Playback API / Observability / Search / Billing.",Authentication tokens are validated before playback sessions are authorized,hybrid,1,0.1666666666666666,"['doc_0154_chunk_1', 'doc_0290_chunk_1', 'doc_0702_chunk_1', 'doc_1089_chunk_1', 'doc_0506_chunk_1']",['doc_0808_chunk_2'],"['doc_0154_chunk_1', 'doc_0290_chunk_1', 'doc_0702_chunk_1', 'doc_1089_chunk_1', 'doc_0506_chunk_1', 'doc_0808_chunk_2']","The architecture note highlights that the streaming platform’s core services are **Playback API, Observability, Search, and Billing**. All requests are routed from edge caches to regional clusters, where automated health checks monitor service availability.",0.4228889942169189,0.1363636363636363,0.2772137522697449
q_0001,"Based on the knowledge base, summarize the key point from: Architecture note: Playback API / Observability / Search / Billing.",Authentication tokens are validated before playback sessions are authorized,hybrid,2,0.2857142857142857,"['doc_0154_chunk_1', 'doc_0290_chunk_1', 'doc_0702_chunk_1', 'doc_1089_chunk_1', 'doc_0506_chunk_1']","['doc_0578_chunk_1', 'doc_0044_chunk_2']","['doc_0154_chunk_1', 'doc_0290_chunk_1', 'doc_0702_chunk_1', 'doc_1089_chunk_1', 'doc_0506_chunk_1', 'doc_0578_chunk_1', 'doc_0044_chunk_2']","The architecture note emphasizes that the core services of the streaming platform are **Playback API, Observability, Search, and Billing**.  Requests are routed from edge caches to regional clusters, where automated health checks monitor the services.",0.5555145740509033,0.1363636363636363,0.2917469143867492
q_0001,"Based on the knowledge base, summarize the key point from: Architecture note: Playback API / Observability / Search / Billing.",Authentication tokens are validated before playback sessions are authorized,hybrid,4,0.4444444444444444,"['doc_0154_chunk_1', 'doc_0290_chunk_1', 'doc_0702_chunk_1', 'doc_1089_chunk_1', 'doc_0506_chunk_1']","['doc_0041_chunk_3', 'doc_0128_chunk_3', 'doc_0300_chunk_1', 'doc_0319_chunk_1']","['doc_0154_chunk_1', 'doc_0290_chunk_1', 'doc_0702_chunk_1', 'doc_1089_chunk_1', 'doc_0506_chunk_1', 'doc_0041_chunk_3', 'doc_0128_chunk_3', 'doc_0300_chunk_1', 'doc_0319_chunk_1']","The architecture note states that the streaming platform’s core services are **Playback API, Observability, Search, and Billing**.  Requests are routed from edge caches to regional clusters, where automated health checks are performed.",0.457740306854248,0.1428571428571428,0.3105664849281311
q_0002,Answer using evidence. What is the correct key detail from 'NA data_pipeline_break incident report (2026-06-07)' (ignore unrelated notes)?,"On 2026-06-07, the data_pipeline_break impacted the NA region with severity 4",bm25,0,0.0,"['doc_0010_chunk_1', 'doc_1010_chunk_1', 'doc_0951_chunk_1', 'doc_1065_chunk_1', 'doc_0648_chunk_1']",[],"['doc_0010_chunk_1', 'doc_1010_chunk_1', 'doc_0951_chunk_1', 'doc_1065_chunk_1', 'doc_0648_chunk_1']","The evidence provided does not contain any information about a NA data_pipeline_break incident report dated 2026‑06‑07. Therefore, I cannot provide the requested key detail.",0.4483559131622314,0.3589743589743589,0.8389034867286682
q_0002,Answer using evidence. What is the correct key detail from 'NA data_pipeline_break incident report (2026-06-07)' (ignore unrelated notes)?,"On 2026-06-07, the data_pipeline_break impacted the NA region with severity 4",bm25,1,0.1666666666666666,"['doc_0010_chunk_1', 'doc_1010_chunk_1', 'doc_0951_chunk_1', 'doc_1065_chunk_1', 'doc_0648_chunk_1']",['doc_0691_chunk_2'],"['doc_0010_chunk_1', 'doc_1010_chunk_1', 'doc_0951_chunk_1', 'doc_1065_chunk_1', 'doc_0648_chunk_1', 'doc_0691_chunk_2']","The evidence provided does not contain any information about a NA region incident on 2026‑06‑07. Therefore, I cannot provide the requested key detail.",0.2303473949432373,0.4210526315789474,0.6447058320045471
q_0002,Answer using evidence. What is the correct key detail from 'NA data_pipeline_break incident report (2026-06-07)' (ignore unrelated notes)?,"On 2026-06-07, the data_pipeline_break impacted the NA region with severity 4",bm25,2,0.2857142857142857,"['doc_0010_chunk_1', 'doc_1010_chunk_1', 'doc_0951_chunk_1', 'doc_1065_chunk_1', 'doc_0648_chunk_1']","['doc_0823_chunk_2', 'doc_0037_chunk_2']","['doc_0010_chunk_1', 'doc_1010_chunk_1', 'doc_0951_chunk_1', 'doc_1065_chunk_1', 'doc_0648_chunk_1', 'doc_0823_chunk_2', 'doc_0037_chunk_2']","The evidence provided does not contain any information about a “NA data_pipeline_break incident report (2026‑06‑07).” Therefore, I cannot provide a key detail for that report.",0.5089945793151855,0.3,0.8370257616043091
q_0002,Answer using evidence. What is the correct key detail from 'NA data_pipeline_break incident report (2026-06-07)' (ignore unrelated notes)?,"On 2026-06-07, the data_pipeline_break impacted the NA region with severity 4",bm25,4,0.4444444444444444,"['doc_0010_chunk_1', 'doc_1010_chunk_1', 'doc_0951_chunk_1', 'doc_1065_chunk_1', 'doc_0648_chunk_1']","['doc_0767_chunk_3', 'doc_0272_chunk_3', 'doc_0979_chunk_2', 'doc_0888_chunk_3']","['doc_0010_chunk_1', 'doc_1010_chunk_1', 'doc_0951_chunk_1', 'doc_1065_chunk_1', 'doc_0648_chunk_1', 'doc_0767_chunk_3', 'doc_0272_chunk_3', 'doc_0979_chunk_2', 'doc_0888_chunk_3']","The evidence provided does not contain any information about a NA region incident on 2026‑06‑07. Therefore, I cannot provide the requested key detail.",0.4686543941497803,0.4210526315789474,0.6447058320045471
q_0002,Answer using evidence. What is the correct key detail from 'NA data_pipeline_break incident report (2026-06-07)' (ignore unrelated notes)?,"On 2026-06-07, the data_pipeline_break impacted the NA region with severity 4",dense,0,0.0,"['doc_0580_chunk_1', 'doc_1115_chunk_1', 'doc_1110_chunk_1', 'doc_0127_chunk_1', 'doc_0926_chunk_1']",[],"['doc_0580_chunk_1', 'doc_1115_chunk_1', 'doc_1110_chunk_1', 'doc_0127_chunk_1', 'doc_0926_chunk_1']","The NA data_pipeline_break incident on **2026‑06‑07** affected the NA region with a **severity 4** rating, and customers experienced **buffering, retries, and elevated error rates**.",0.4875509738922119,0.6153846153846155,0.891510546207428
q_0002,Answer using evidence. What is the correct key detail from 'NA data_pipeline_break incident report (2026-06-07)' (ignore unrelated notes)?,"On 2026-06-07, the data_pipeline_break impacted the NA region with severity 4",dense,1,0.1666666666666666,"['doc_0580_chunk_1', 'doc_1115_chunk_1', 'doc_1110_chunk_1', 'doc_0127_chunk_1', 'doc_0926_chunk_1']",['doc_0959_chunk_2'],"['doc_0580_chunk_1', 'doc_1115_chunk_1', 'doc_1110_chunk_1', 'doc_0127_chunk_1', 'doc_0926_chunk_1', 'doc_0959_chunk_2']","The NA data_pipeline_break incident on **2026‑06‑07** affected the NA region with a **severity 4** rating, and customers reported **buffering, retries, and elevated error rates**.",0.4596219062805176,0.6153846153846155,0.8969838619232178
q_0002,Answer using evidence. What is the correct key detail from 'NA data_pipeline_break incident report (2026-06-07)' (ignore unrelated notes)?,"On 2026-06-07, the data_pipeline_break impacted the NA region with severity 4",dense,2,0.2857142857142857,"['doc_0580_chunk_1', 'doc_1115_chunk_1', 'doc_1110_chunk_1', 'doc_0127_chunk_1', 'doc_0926_chunk_1']","['doc_0745_chunk_3', 'doc_0574_chunk_1']","['doc_0580_chunk_1', 'doc_1115_chunk_1', 'doc_1110_chunk_1', 'doc_0127_chunk_1', 'doc_0926_chunk_1', 'doc_0745_chunk_3', 'doc_0574_chunk_1']","The NA data_pipeline_break incident report dated 2026‑06‑07 indicates that the incident had a **severity 4**.  
*Evidence:* “On 2026‑06‑07, the data_pipeline_break impacted the NA region with severity 4. Customer symptoms included buffering, retries, and elevated error rates.”",0.4851510524749756,0.4905660377358491,0.9121997356414796
q_0002,Answer using evidence. What is the correct key detail from 'NA data_pipeline_break incident report (2026-06-07)' (ignore unrelated notes)?,"On 2026-06-07, the data_pipeline_break impacted the NA region with severity 4",dense,4,0.4444444444444444,"['doc_0580_chunk_1', 'doc_1115_chunk_1', 'doc_1110_chunk_1', 'doc_0127_chunk_1', 'doc_0926_chunk_1']","['doc_0302_chunk_1', 'doc_0614_chunk_3', 'doc_0806_chunk_1', 'doc_0381_chunk_1']","['doc_0580_chunk_1', 'doc_1115_chunk_1', 'doc_1110_chunk_1', 'doc_0127_chunk_1', 'doc_0926_chunk_1', 'doc_0302_chunk_1', 'doc_0614_chunk_3', 'doc_0806_chunk_1', 'doc_0381_chunk_1']",The NA data_pipeline_break incident report dated 2026‑06‑07 recorded a **severity 4** impact.,0.4397976398468017,0.5925925925925927,0.8585787415504456
q_0002,Answer using evidence. What is the correct key detail from 'NA data_pipeline_break incident report (2026-06-07)' (ignore unrelated notes)?,"On 2026-06-07, the data_pipeline_break impacted the NA region with severity 4",hybrid,0,0.0,"['doc_0580_chunk_1', 'doc_1115_chunk_1', 'doc_1110_chunk_1', 'doc_0127_chunk_1', 'doc_0926_chunk_1']",[],"['doc_0580_chunk_1', 'doc_1115_chunk_1', 'doc_1110_chunk_1', 'doc_0127_chunk_1', 'doc_0926_chunk_1']","The NA data_pipeline_break incident on **2026‑06‑07** affected the NA region with a **severity 4** rating, and customers experienced **buffering, retries, and elevated error rates**.",0.608018159866333,0.6153846153846155,0.891510546207428
q_0002,Answer using evidence. What is the correct key detail from 'NA data_pipeline_break incident report (2026-06-07)' (ignore unrelated notes)?,"On 2026-06-07, the data_pipeline_break impacted the NA region with severity 4",hybrid,1,0.1666666666666666,"['doc_0580_chunk_1', 'doc_1115_chunk_1', 'doc_1110_chunk_1', 'doc_0127_chunk_1', 'doc_0926_chunk_1']",['doc_1107_chunk_1'],"['doc_0580_chunk_1', 'doc_1115_chunk_1', 'doc_1110_chunk_1', 'doc_0127_chunk_1', 'doc_0926_chunk_1', 'doc_1107_chunk_1']",The NA data_pipeline_break incident on 2026‑06‑07 had a **severity 4** impact.,0.2439055442810058,0.6923076923076923,0.8864045143127441
q_0002,Answer using evidence. What is the correct key detail from 'NA data_pipeline_break incident report (2026-06-07)' (ignore unrelated notes)?,"On 2026-06-07, the data_pipeline_break impacted the NA region with severity 4",hybrid,2,0.2857142857142857,"['doc_0580_chunk_1', 'doc_1115_chunk_1', 'doc_1110_chunk_1', 'doc_0127_chunk_1', 'doc_0926_chunk_1']","['doc_1189_chunk_2', 'doc_0009_chunk_3']","['doc_0580_chunk_1', 'doc_1115_chunk_1', 'doc_1110_chunk_1', 'doc_0127_chunk_1', 'doc_0926_chunk_1', 'doc_1189_chunk_2', 'doc_0009_chunk_3']","The NA data_pipeline_break incident report dated 2026‑06‑07 recorded a **severity 4** impact, with customers experiencing buffering, retries, and elevated error rates.",0.5331053733825684,0.5,0.8355145454406738
q_0002,Answer using evidence. What is the correct key detail from 'NA data_pipeline_break incident report (2026-06-07)' (ignore unrelated notes)?,"On 2026-06-07, the data_pipeline_break impacted the NA region with severity 4",hybrid,4,0.4444444444444444,"['doc_0580_chunk_1', 'doc_1115_chunk_1', 'doc_1110_chunk_1', 'doc_0127_chunk_1', 'doc_0926_chunk_1']","['doc_1038_chunk_1', 'doc_1102_chunk_1', 'doc_0219_chunk_1', 'doc_0955_chunk_1']","['doc_0580_chunk_1', 'doc_1115_chunk_1', 'doc_1110_chunk_1', 'doc_0127_chunk_1', 'doc_0926_chunk_1', 'doc_1038_chunk_1', 'doc_1102_chunk_1', 'doc_0219_chunk_1', 'doc_0955_chunk_1']","The NA data_pipeline_break incident on **2026‑06‑07** had **severity 4** and caused **buffering, retries, and elevated error rates** in the NA region.",0.5233795642852783,0.6111111111111112,0.9129817485809326
q_0003,Combine evidence from 'EU cdn_issue incident report (2025-07-13)' and 'Cdn Config Note: operational notes'. What is the recommended mitigation approach?,"On 2025-07-13, the cdn_issue impacted the EU region with severity 3. Use canary checks after applying changes, and prefer reversible actions under high uncertainty.",bm25,0,0.0,"['doc_0683_chunk_1', 'doc_0733_chunk_1', 'doc_0641_chunk_1', 'doc_0369_chunk_1', 'doc_0263_chunk_1']",[],"['doc_0683_chunk_1', 'doc_0733_chunk_1', 'doc_0641_chunk_1', 'doc_0369_chunk_1', 'doc_0263_chunk_1']","The evidence provided does not include any information from the “Cdn Config Note: operational notes,” so I cannot determine the recommended mitigation approach.",0.3795399665832519,0.0816326530612244,0.674553394317627
q_0003,Combine evidence from 'EU cdn_issue incident report (2025-07-13)' and 'Cdn Config Note: operational notes'. What is the recommended mitigation approach?,"On 2025-07-13, the cdn_issue impacted the EU region with severity 3. Use canary checks after applying changes, and prefer reversible actions under high uncertainty.",bm25,1,0.1666666666666666,"['doc_0683_chunk_1', 'doc_0733_chunk_1', 'doc_0641_chunk_1', 'doc_0369_chunk_1', 'doc_0263_chunk_1']",['doc_0578_chunk_3'],"['doc_0683_chunk_1', 'doc_0733_chunk_1', 'doc_0641_chunk_1', 'doc_0369_chunk_1', 'doc_0263_chunk_1', 'doc_0578_chunk_3']","The evidence provided does not contain any information about a recommended mitigation approach for the EU CDN issue. Therefore, I cannot answer the question based on the supplied sources.",0.5313713550567627,0.1454545454545454,0.7377492785453796
q_0003,Combine evidence from 'EU cdn_issue incident report (2025-07-13)' and 'Cdn Config Note: operational notes'. What is the recommended mitigation approach?,"On 2025-07-13, the cdn_issue impacted the EU region with severity 3. Use canary checks after applying changes, and prefer reversible actions under high uncertainty.",bm25,2,0.2857142857142857,"['doc_0683_chunk_1', 'doc_0733_chunk_1', 'doc_0641_chunk_1', 'doc_0369_chunk_1', 'doc_0263_chunk_1']","['doc_0466_chunk_1', 'doc_0381_chunk_1']","['doc_0683_chunk_1', 'doc_0733_chunk_1', 'doc_0641_chunk_1', 'doc_0369_chunk_1', 'doc_0263_chunk_1', 'doc_0466_chunk_1', 'doc_0381_chunk_1']","The provided evidence does not contain any explicit recommendation for mitigating the EU CDN issue. The EU incident report (2025‑07‑13) only lists the severity and symptoms, and the available operational notes (release notes) do not specify a mitigation approach. Therefore, based on the evidence supplied, I cannot determine a recommended mitigation approach.",0.6376593112945557,0.225,0.7432348728179932
q_0003,Combine evidence from 'EU cdn_issue incident report (2025-07-13)' and 'Cdn Config Note: operational notes'. What is the recommended mitigation approach?,"On 2025-07-13, the cdn_issue impacted the EU region with severity 3. Use canary checks after applying changes, and prefer reversible actions under high uncertainty.",bm25,4,0.4444444444444444,"['doc_0683_chunk_1', 'doc_0733_chunk_1', 'doc_0641_chunk_1', 'doc_0369_chunk_1', 'doc_0263_chunk_1']","['doc_0213_chunk_1', 'doc_0295_chunk_1', 'doc_1045_chunk_1', 'doc_0461_chunk_1']","['doc_0683_chunk_1', 'doc_0733_chunk_1', 'doc_0641_chunk_1', 'doc_0369_chunk_1', 'doc_0263_chunk_1', 'doc_0213_chunk_1', 'doc_0295_chunk_1', 'doc_1045_chunk_1', 'doc_0461_chunk_1']","The provided evidence does not contain any explicit recommendation for a mitigation approach. The EU incident report (2025‑07‑13) lists the severity and symptoms, and the CDN configuration note is referenced but its content is not included. Therefore, I cannot determine the recommended mitigation approach from the available evidence.",0.5648612976074219,0.2105263157894737,0.660362958908081
q_0003,Combine evidence from 'EU cdn_issue incident report (2025-07-13)' and 'Cdn Config Note: operational notes'. What is the recommended mitigation approach?,"On 2025-07-13, the cdn_issue impacted the EU region with severity 3. Use canary checks after applying changes, and prefer reversible actions under high uncertainty.",dense,0,0.0,"['doc_0537_chunk_1', 'doc_0733_chunk_1', 'doc_0403_chunk_1', 'doc_0342_chunk_1', 'doc_0369_chunk_1']",[],"['doc_0537_chunk_1', 'doc_0733_chunk_1', 'doc_0403_chunk_1', 'doc_0342_chunk_1', 'doc_0369_chunk_1']","The evidence provided does not include any information from the “Cdn Config Note: operational notes.” Therefore, I cannot determine the recommended mitigation approach.",0.5022470951080322,0.0816326530612244,0.6750980615615845
q_0003,Combine evidence from 'EU cdn_issue incident report (2025-07-13)' and 'Cdn Config Note: operational notes'. What is the recommended mitigation approach?,"On 2025-07-13, the cdn_issue impacted the EU region with severity 3. Use canary checks after applying changes, and prefer reversible actions under high uncertainty.",dense,1,0.1666666666666666,"['doc_0537_chunk_1', 'doc_0733_chunk_1', 'doc_0403_chunk_1', 'doc_0342_chunk_1', 'doc_0369_chunk_1']",['doc_0140_chunk_2'],"['doc_0537_chunk_1', 'doc_0733_chunk_1', 'doc_0403_chunk_1', 'doc_0342_chunk_1', 'doc_0369_chunk_1', 'doc_0140_chunk_2']","The incident on 2025‑07‑13 (severity 3) showed buffering, retries and elevated error rates in the EU region【doc_0733_chunk_1】.  
The operational notes describe the recommended response: “common failure modes, safe mitigations, and verification steps”【doc_0140_chunk_2】.  

**Recommended mitigation approach:** apply the safe mitigations outlined in the operational notes and then verify that the issue is resolved.",1.006519794464111,0.2682926829268292,0.5479679107666016
q_0003,Combine evidence from 'EU cdn_issue incident report (2025-07-13)' and 'Cdn Config Note: operational notes'. What is the recommended mitigation approach?,"On 2025-07-13, the cdn_issue impacted the EU region with severity 3. Use canary checks after applying changes, and prefer reversible actions under high uncertainty.",dense,2,0.2857142857142857,"['doc_0537_chunk_1', 'doc_0733_chunk_1', 'doc_0403_chunk_1', 'doc_0342_chunk_1', 'doc_0369_chunk_1']","['doc_0127_chunk_2', 'doc_0520_chunk_3']","['doc_0537_chunk_1', 'doc_0733_chunk_1', 'doc_0403_chunk_1', 'doc_0342_chunk_1', 'doc_0369_chunk_1', 'doc_0127_chunk_2', 'doc_0520_chunk_3']","The recommended mitigation approach is to:

* Apply changes with **canary checks** to verify they work before full rollout.  
* Prefer **reversible actions** when uncertainty is high, so any issue can be quickly undone.  
* **Document** the outcomes of the changes and share a concise incident summary with stakeholders for visibility.",0.6177327632904053,0.3243243243243243,0.4621098637580871
q_0003,Combine evidence from 'EU cdn_issue incident report (2025-07-13)' and 'Cdn Config Note: operational notes'. What is the recommended mitigation approach?,"On 2025-07-13, the cdn_issue impacted the EU region with severity 3. Use canary checks after applying changes, and prefer reversible actions under high uncertainty.",dense,4,0.4444444444444444,"['doc_0537_chunk_1', 'doc_0733_chunk_1', 'doc_0403_chunk_1', 'doc_0342_chunk_1', 'doc_0369_chunk_1']","['doc_0133_chunk_1', 'doc_0492_chunk_1', 'doc_1159_chunk_3', 'doc_0471_chunk_2']","['doc_0537_chunk_1', 'doc_0733_chunk_1', 'doc_0403_chunk_1', 'doc_0342_chunk_1', 'doc_0369_chunk_1', 'doc_0133_chunk_1', 'doc_0492_chunk_1', 'doc_1159_chunk_3', 'doc_0471_chunk_2']","The incident report shows that the EU CDN outage on 2025‑07‑13 caused buffering, retries and high error rates (doc_0733_chunk_1).  The CDN Config Note recommends applying the “safe mitigations and verification steps” it lists (doc_0471_chunk_2) and cautions against blindly restarting services when token‑validation or auth‑pipeline issues are suspected (doc_1159_chunk_3).  

**Recommended mitigation approach:**  
- Follow the safe‑mitigation steps in the CDN Config Note, which include verifying edge‑cache health and automated health‑checks.  
- Validate token/auth pipelines before taking any action.  
- Only restart services after confirming the root cause, rather than restarting blindly.",1.071136236190796,0.1983471074380165,0.7236009836196899
q_0003,Combine evidence from 'EU cdn_issue incident report (2025-07-13)' and 'Cdn Config Note: operational notes'. What is the recommended mitigation approach?,"On 2025-07-13, the cdn_issue impacted the EU region with severity 3. Use canary checks after applying changes, and prefer reversible actions under high uncertainty.",hybrid,0,0.0,"['doc_0537_chunk_1', 'doc_0733_chunk_1', 'doc_0403_chunk_1', 'doc_0342_chunk_1', 'doc_0369_chunk_1']",[],"['doc_0537_chunk_1', 'doc_0733_chunk_1', 'doc_0403_chunk_1', 'doc_0342_chunk_1', 'doc_0369_chunk_1']","The evidence provided does not include any information from the “Cdn Config Note: operational notes.” Therefore, I cannot determine the recommended mitigation approach.",0.3783836364746094,0.0816326530612244,0.6750980615615845
q_0003,Combine evidence from 'EU cdn_issue incident report (2025-07-13)' and 'Cdn Config Note: operational notes'. What is the recommended mitigation approach?,"On 2025-07-13, the cdn_issue impacted the EU region with severity 3. Use canary checks after applying changes, and prefer reversible actions under high uncertainty.",hybrid,1,0.1666666666666666,"['doc_0537_chunk_1', 'doc_0733_chunk_1', 'doc_0403_chunk_1', 'doc_0342_chunk_1', 'doc_0369_chunk_1']",['doc_0826_chunk_3'],"['doc_0537_chunk_1', 'doc_0733_chunk_1', 'doc_0403_chunk_1', 'doc_0342_chunk_1', 'doc_0369_chunk_1', 'doc_0826_chunk_3']","Use canary checks after applying changes, prefer reversible actions under high uncertainty, document the outcomes, and share a short incident summary for stakeholder visibility.",0.6311438083648682,0.5599999999999999,0.3675666153430938
q_0003,Combine evidence from 'EU cdn_issue incident report (2025-07-13)' and 'Cdn Config Note: operational notes'. What is the recommended mitigation approach?,"On 2025-07-13, the cdn_issue impacted the EU region with severity 3. Use canary checks after applying changes, and prefer reversible actions under high uncertainty.",hybrid,2,0.2857142857142857,"['doc_0537_chunk_1', 'doc_0733_chunk_1', 'doc_0403_chunk_1', 'doc_0342_chunk_1', 'doc_0369_chunk_1']","['doc_0362_chunk_2', 'doc_1104_chunk_2']","['doc_0537_chunk_1', 'doc_0733_chunk_1', 'doc_0403_chunk_1', 'doc_0342_chunk_1', 'doc_0369_chunk_1', 'doc_0362_chunk_2', 'doc_1104_chunk_2']","The evidence does not provide a specific mitigation action to be taken. It only indicates that the operational notes discuss common failure modes, safe mitigations, and verification steps, but the exact recommended mitigation approach is not included in the provided excerpts.",0.6397309303283691,0.0895522388059701,0.3576976656913757
q_0003,Combine evidence from 'EU cdn_issue incident report (2025-07-13)' and 'Cdn Config Note: operational notes'. What is the recommended mitigation approach?,"On 2025-07-13, the cdn_issue impacted the EU region with severity 3. Use canary checks after applying changes, and prefer reversible actions under high uncertainty.",hybrid,4,0.4444444444444444,"['doc_0537_chunk_1', 'doc_0733_chunk_1', 'doc_0403_chunk_1', 'doc_0342_chunk_1', 'doc_0369_chunk_1']","['doc_0060_chunk_1', 'doc_0998_chunk_3', 'doc_0629_chunk_2', 'doc_0734_chunk_3']","['doc_0537_chunk_1', 'doc_0733_chunk_1', 'doc_0403_chunk_1', 'doc_0342_chunk_1', 'doc_0369_chunk_1', 'doc_0060_chunk_1', 'doc_0998_chunk_3', 'doc_0629_chunk_2', 'doc_0734_chunk_3']","The recommended mitigation approach is to **apply changes in a reversible, staged manner and validate them with canary checks**.  
- After any configuration change, run canary tests to confirm that buffering, retries, and error rates are not worsened.  
- Prefer reversible actions when uncertainty is high, so that any regression can be quickly undone.  
- Monitor metrics, traces, and logs to support incident response, and document the outcomes in a short incident summary for stakeholder visibility.",0.7067952156066895,0.2626262626262626,0.4554107189178467
q_0004,"Based on the knowledge base, summarize the key point from: Security advisory: credential stuffing patterns.","Recommended actions include rate limiting, freezing deployments during active investigation, and rotating keys",bm25,0,0.0,"['doc_0016_chunk_1', 'doc_1189_chunk_1', 'doc_0926_chunk_1', 'doc_0721_chunk_1', 'doc_0723_chunk_1']",[],"['doc_0016_chunk_1', 'doc_1189_chunk_1', 'doc_0926_chunk_1', 'doc_0721_chunk_1', 'doc_0723_chunk_1']","The provided evidence does not contain any information about a security advisory on credential stuffing patterns. Therefore, I cannot summarize that key point.",0.4241831302642822,0.0,0.11658526211977
q_0004,"Based on the knowledge base, summarize the key point from: Security advisory: credential stuffing patterns.","Recommended actions include rate limiting, freezing deployments during active investigation, and rotating keys",bm25,1,0.1666666666666666,"['doc_0016_chunk_1', 'doc_1189_chunk_1', 'doc_0926_chunk_1', 'doc_0721_chunk_1', 'doc_0723_chunk_1']",['doc_0171_chunk_3'],"['doc_0016_chunk_1', 'doc_1189_chunk_1', 'doc_0926_chunk_1', 'doc_0721_chunk_1', 'doc_0723_chunk_1', 'doc_0171_chunk_3']","The provided evidence does not contain any information about “credential stuffing patterns.” Therefore, I cannot summarize a key point on that topic.",0.4879727363586426,0.0,0.0292406305670738
q_0004,"Based on the knowledge base, summarize the key point from: Security advisory: credential stuffing patterns.","Recommended actions include rate limiting, freezing deployments during active investigation, and rotating keys",bm25,2,0.2857142857142857,"['doc_0016_chunk_1', 'doc_1189_chunk_1', 'doc_0926_chunk_1', 'doc_0721_chunk_1', 'doc_0723_chunk_1']","['doc_0518_chunk_1', 'doc_0108_chunk_3']","['doc_0016_chunk_1', 'doc_1189_chunk_1', 'doc_0926_chunk_1', 'doc_0721_chunk_1', 'doc_0723_chunk_1', 'doc_0518_chunk_1', 'doc_0108_chunk_3']","I’m sorry, but the provided evidence does not contain any information about a “Security advisory: credential stuffing patterns.”",0.484807014465332,0.0,0.1573805510997772
q_0004,"Based on the knowledge base, summarize the key point from: Security advisory: credential stuffing patterns.","Recommended actions include rate limiting, freezing deployments during active investigation, and rotating keys",bm25,4,0.4444444444444444,"['doc_0016_chunk_1', 'doc_1189_chunk_1', 'doc_0926_chunk_1', 'doc_0721_chunk_1', 'doc_0723_chunk_1']","['doc_0755_chunk_3', 'doc_0401_chunk_2', 'doc_1134_chunk_3', 'doc_0860_chunk_1']","['doc_0016_chunk_1', 'doc_1189_chunk_1', 'doc_0926_chunk_1', 'doc_0721_chunk_1', 'doc_0723_chunk_1', 'doc_0755_chunk_3', 'doc_0401_chunk_2', 'doc_1134_chunk_3', 'doc_0860_chunk_1']",The provided evidence does not contain any information about a security advisory on credential‑stuffing patterns.,0.4770607948303222,0.0,0.1162852570414543
q_0004,"Based on the knowledge base, summarize the key point from: Security advisory: credential stuffing patterns.","Recommended actions include rate limiting, freezing deployments during active investigation, and rotating keys",dense,0,0.0,"['doc_0033_chunk_1', 'doc_0028_chunk_1', 'doc_0021_chunk_1', 'doc_0015_chunk_1', 'doc_0009_chunk_1']",[],"['doc_0033_chunk_1', 'doc_0028_chunk_1', 'doc_0021_chunk_1', 'doc_0015_chunk_1', 'doc_0009_chunk_1']","The advisory highlights that credential‑stuffing attacks can be identified by three recurring signals: repeated login failures, a spread of attempts across many IP addresses, and abnormal device fingerprints.",0.3639285564422607,0.0476190476190476,0.2106154859066009
q_0004,"Based on the knowledge base, summarize the key point from: Security advisory: credential stuffing patterns.","Recommended actions include rate limiting, freezing deployments during active investigation, and rotating keys",dense,1,0.1666666666666666,"['doc_0033_chunk_1', 'doc_0028_chunk_1', 'doc_0021_chunk_1', 'doc_0015_chunk_1', 'doc_0009_chunk_1']",['doc_0847_chunk_1'],"['doc_0033_chunk_1', 'doc_0028_chunk_1', 'doc_0021_chunk_1', 'doc_0015_chunk_1', 'doc_0009_chunk_1', 'doc_0847_chunk_1']","The advisory notes that credential‑stuffing attacks can be detected by three recurring signals: repeated login failures, a spread of attempts across many IP addresses, and abnormal device fingerprints.",0.3910768032073974,0.0476190476190476,0.1863631457090377
q_0004,"Based on the knowledge base, summarize the key point from: Security advisory: credential stuffing patterns.","Recommended actions include rate limiting, freezing deployments during active investigation, and rotating keys",dense,2,0.2857142857142857,"['doc_0033_chunk_1', 'doc_0028_chunk_1', 'doc_0021_chunk_1', 'doc_0015_chunk_1', 'doc_0009_chunk_1']","['doc_1179_chunk_1', 'doc_0496_chunk_2']","['doc_0033_chunk_1', 'doc_0028_chunk_1', 'doc_0021_chunk_1', 'doc_0015_chunk_1', 'doc_0009_chunk_1', 'doc_1179_chunk_1', 'doc_0496_chunk_2']","The advisory notes that credential‑stuffing attacks can be identified by three recurring signals: repeated login failures, a spread of attempts across many IP addresses, and abnormal device fingerprints.",0.2144310474395752,0.0476190476190476,0.1972359269857406
q_0004,"Based on the knowledge base, summarize the key point from: Security advisory: credential stuffing patterns.","Recommended actions include rate limiting, freezing deployments during active investigation, and rotating keys",dense,4,0.4444444444444444,"['doc_0033_chunk_1', 'doc_0028_chunk_1', 'doc_0021_chunk_1', 'doc_0015_chunk_1', 'doc_0009_chunk_1']","['doc_0790_chunk_3', 'doc_0265_chunk_1', 'doc_0964_chunk_2', 'doc_0097_chunk_2']","['doc_0033_chunk_1', 'doc_0028_chunk_1', 'doc_0021_chunk_1', 'doc_0015_chunk_1', 'doc_0009_chunk_1', 'doc_0790_chunk_3', 'doc_0265_chunk_1', 'doc_0964_chunk_2', 'doc_0097_chunk_2']","The advisory notes that credential‑stuffing attacks can be identified by three recurring signals: repeated login failures, a spread of attempts across many IP addresses, and abnormal device fingerprints.",0.2224595546722412,0.0476190476190476,0.1972359269857406
q_0004,"Based on the knowledge base, summarize the key point from: Security advisory: credential stuffing patterns.","Recommended actions include rate limiting, freezing deployments during active investigation, and rotating keys",hybrid,0,0.0,"['doc_0921_chunk_1', 'doc_0713_chunk_1', 'doc_0846_chunk_1', 'doc_0119_chunk_1', 'doc_0191_chunk_1']",[],"['doc_0921_chunk_1', 'doc_0713_chunk_1', 'doc_0846_chunk_1', 'doc_0119_chunk_1', 'doc_0191_chunk_1']","The provided evidence does not contain any information about a security advisory on credential stuffing patterns. Therefore, I cannot summarize that key point.",0.416743516921997,0.0,0.11658526211977
q_0004,"Based on the knowledge base, summarize the key point from: Security advisory: credential stuffing patterns.","Recommended actions include rate limiting, freezing deployments during active investigation, and rotating keys",hybrid,1,0.1666666666666666,"['doc_0921_chunk_1', 'doc_0713_chunk_1', 'doc_0846_chunk_1', 'doc_0119_chunk_1', 'doc_0191_chunk_1']",['doc_0063_chunk_2'],"['doc_0921_chunk_1', 'doc_0713_chunk_1', 'doc_0846_chunk_1', 'doc_0119_chunk_1', 'doc_0191_chunk_1', 'doc_0063_chunk_2']",The advisory notes that the root‑cause analysis identified **credential stuffing** as the primary driver of the incident.,0.4603986740112304,0.0,0.1935814768075943
q_0004,"Based on the knowledge base, summarize the key point from: Security advisory: credential stuffing patterns.","Recommended actions include rate limiting, freezing deployments during active investigation, and rotating keys",hybrid,2,0.2857142857142857,"['doc_0921_chunk_1', 'doc_0713_chunk_1', 'doc_0846_chunk_1', 'doc_0119_chunk_1', 'doc_0191_chunk_1']","['doc_0905_chunk_1', 'doc_0312_chunk_3']","['doc_0921_chunk_1', 'doc_0713_chunk_1', 'doc_0846_chunk_1', 'doc_0119_chunk_1', 'doc_0191_chunk_1', 'doc_0905_chunk_1', 'doc_0312_chunk_3']","The provided evidence does not contain any information about a security advisory on credential‑stuffing patterns. Therefore, I cannot summarize a key point on that topic.",0.4809832572937011,0.0,0.1222067773342132
q_0004,"Based on the knowledge base, summarize the key point from: Security advisory: credential stuffing patterns.","Recommended actions include rate limiting, freezing deployments during active investigation, and rotating keys",hybrid,4,0.4444444444444444,"['doc_0921_chunk_1', 'doc_0713_chunk_1', 'doc_0846_chunk_1', 'doc_0119_chunk_1', 'doc_0191_chunk_1']","['doc_1058_chunk_1', 'doc_0396_chunk_3', 'doc_0109_chunk_3', 'doc_1170_chunk_2']","['doc_0921_chunk_1', 'doc_0713_chunk_1', 'doc_0846_chunk_1', 'doc_0119_chunk_1', 'doc_0191_chunk_1', 'doc_1058_chunk_1', 'doc_0396_chunk_3', 'doc_0109_chunk_3', 'doc_1170_chunk_2']","The provided evidence does not contain any information about “credential stuffing patterns.” Therefore, I cannot summarize a key point on that topic.",0.3632481098175049,0.0,0.0292406305670738
q_0005,Combine evidence from 'APAC payment_failure incident report (2025-08-05)' and 'Security advisory: credential stuffing patterns'. What is the recommended mitigation approach?,Initial triage reviewed dashboards and logs to reduce uncertainty. 7 or suspicious activity is confirmed.,bm25,0,0.0,"['doc_0982_chunk_1', 'doc_0931_chunk_1', 'doc_1012_chunk_1', 'doc_0071_chunk_1', 'doc_0063_chunk_1']",[],"['doc_0982_chunk_1', 'doc_0931_chunk_1', 'doc_1012_chunk_1', 'doc_0071_chunk_1', 'doc_0063_chunk_1']","The provided evidence does not contain any information about a recommended mitigation approach for credential‑stuffing patterns. Therefore, I cannot answer the question based on the available sources.",0.4421651363372803,0.0,0.0836189687252044
q_0005,Combine evidence from 'APAC payment_failure incident report (2025-08-05)' and 'Security advisory: credential stuffing patterns'. What is the recommended mitigation approach?,Initial triage reviewed dashboards and logs to reduce uncertainty. 7 or suspicious activity is confirmed.,bm25,1,0.1666666666666666,"['doc_0982_chunk_1', 'doc_0931_chunk_1', 'doc_1012_chunk_1', 'doc_0071_chunk_1', 'doc_0063_chunk_1']",['doc_0319_chunk_2'],"['doc_0982_chunk_1', 'doc_0931_chunk_1', 'doc_1012_chunk_1', 'doc_0071_chunk_1', 'doc_0063_chunk_1', 'doc_0319_chunk_2']","The evidence provided does not contain a specific recommendation for mitigating the payment‑failure incident in APAC or for addressing credential‑stuffing patterns. Therefore, I cannot provide a recommended mitigation approach based on the supplied documents.",0.6261157989501953,0.0392156862745098,0.1132504492998123
q_0005,Combine evidence from 'APAC payment_failure incident report (2025-08-05)' and 'Security advisory: credential stuffing patterns'. What is the recommended mitigation approach?,Initial triage reviewed dashboards and logs to reduce uncertainty. 7 or suspicious activity is confirmed.,bm25,2,0.2857142857142857,"['doc_0982_chunk_1', 'doc_0931_chunk_1', 'doc_1012_chunk_1', 'doc_0071_chunk_1', 'doc_0063_chunk_1']","['doc_1185_chunk_3', 'doc_0139_chunk_2']","['doc_0982_chunk_1', 'doc_0931_chunk_1', 'doc_1012_chunk_1', 'doc_0071_chunk_1', 'doc_0063_chunk_1', 'doc_1185_chunk_3', 'doc_0139_chunk_2']","The evidence indicates that the recommended mitigation approach is to:

1. **Apply rate‑limiting** to reduce the impact of repeated authentication attempts.  
2. **Freeze deployments** while an active investigation is underway.  
3. **Rotate keys** (API keys, secrets, etc.) to invalidate any compromised credentials.  
4. **Escalate to the security response team** whenever the risk level exceeds zero.  
5. **Avoid restarting services blindly** if there is evidence of token‑validation or authentication‑pipeline compromise, as this could mask ongoing credential‑stuffing activity.",0.8535914421081543,0.1052631578947368,0.2219608128070831
q_0005,Combine evidence from 'APAC payment_failure incident report (2025-08-05)' and 'Security advisory: credential stuffing patterns'. What is the recommended mitigation approach?,Initial triage reviewed dashboards and logs to reduce uncertainty. 7 or suspicious activity is confirmed.,bm25,4,0.4444444444444444,"['doc_0982_chunk_1', 'doc_0931_chunk_1', 'doc_1012_chunk_1', 'doc_0071_chunk_1', 'doc_0063_chunk_1']","['doc_0520_chunk_2', 'doc_0381_chunk_1', 'doc_0620_chunk_3', 'doc_0869_chunk_2']","['doc_0982_chunk_1', 'doc_0931_chunk_1', 'doc_1012_chunk_1', 'doc_0071_chunk_1', 'doc_0063_chunk_1', 'doc_0520_chunk_2', 'doc_0381_chunk_1', 'doc_0620_chunk_3', 'doc_0869_chunk_2']","The security advisory recommends the following mitigation steps for the payment‑failure incident:

* **Rate‑limit** traffic to the affected service.  
* **Freeze any new deployments** while the investigation is ongoing.  
* **Rotate credentials/keys** that could be compromised.  

These actions are intended to reduce the impact of the failure and protect against credential‑stuffing attacks.",0.8495862483978271,0.1176470588235294,0.2462176382541656
q_0005,Combine evidence from 'APAC payment_failure incident report (2025-08-05)' and 'Security advisory: credential stuffing patterns'. What is the recommended mitigation approach?,Initial triage reviewed dashboards and logs to reduce uncertainty. 7 or suspicious activity is confirmed.,dense,0,0.0,"['doc_0063_chunk_1', 'doc_0931_chunk_1', 'doc_0570_chunk_1', 'doc_0291_chunk_1', 'doc_0640_chunk_1']",[],"['doc_0063_chunk_1', 'doc_0931_chunk_1', 'doc_0570_chunk_1', 'doc_0291_chunk_1', 'doc_0640_chunk_1']","The evidence provided does not include any information from the “Security advisory: credential stuffing patterns.” Therefore, I cannot determine a recommended mitigation approach that combines the two sources.",0.615776777267456,0.0,0.2266841828823089
q_0005,Combine evidence from 'APAC payment_failure incident report (2025-08-05)' and 'Security advisory: credential stuffing patterns'. What is the recommended mitigation approach?,Initial triage reviewed dashboards and logs to reduce uncertainty. 7 or suspicious activity is confirmed.,dense,1,0.1666666666666666,"['doc_0063_chunk_1', 'doc_0931_chunk_1', 'doc_0570_chunk_1', 'doc_0291_chunk_1', 'doc_0640_chunk_1']",['doc_1141_chunk_2'],"['doc_0063_chunk_1', 'doc_0931_chunk_1', 'doc_0570_chunk_1', 'doc_0291_chunk_1', 'doc_0640_chunk_1', 'doc_1141_chunk_2']","The evidence provided does not include any information about the “Security advisory: credential stuffing patterns.” Therefore, I cannot determine a recommended mitigation approach that combines the two sources.",0.4195046424865722,0.0,0.2357348203659057
q_0005,Combine evidence from 'APAC payment_failure incident report (2025-08-05)' and 'Security advisory: credential stuffing patterns'. What is the recommended mitigation approach?,Initial triage reviewed dashboards and logs to reduce uncertainty. 7 or suspicious activity is confirmed.,dense,2,0.2857142857142857,"['doc_0063_chunk_1', 'doc_0931_chunk_1', 'doc_0570_chunk_1', 'doc_0291_chunk_1', 'doc_0640_chunk_1']","['doc_0499_chunk_3', 'doc_0223_chunk_2']","['doc_0063_chunk_1', 'doc_0931_chunk_1', 'doc_0570_chunk_1', 'doc_0291_chunk_1', 'doc_0640_chunk_1', 'doc_0499_chunk_3', 'doc_0223_chunk_2']","The 2025‑08‑05 APAC payment‑failure report (doc_0931_chunk_1) shows that the service was experiencing buffering, retries and elevated error rates.  
The security advisory on credential‑stuffing patterns (doc_0499_chunk_3) warns that suspicious activity may indicate a compromise of the token‑validation or authentication pipeline and advises **not to restart services blindly** when such evidence is present.  
Additionally, doc_0223_chunk_2 notes that **authentication tokens must be validated before playback sessions are authorized**.

**Recommended mitigation approach**  
- Do not perform blind service restarts when token‑validation or authentication‑pipeline compromise is suspected.  
- Ensure that authentication tokens are validated before authorizing playback sessions, and investigate any signs of credential‑stuffing or token‑validation issues that could be contributing to the payment‑failure symptoms.",1.3212709426879885,0.0902255639097744,0.3174887299537658
q_0005,Combine evidence from 'APAC payment_failure incident report (2025-08-05)' and 'Security advisory: credential stuffing patterns'. What is the recommended mitigation approach?,Initial triage reviewed dashboards and logs to reduce uncertainty. 7 or suspicious activity is confirmed.,dense,4,0.4444444444444444,"['doc_0063_chunk_1', 'doc_0931_chunk_1', 'doc_0570_chunk_1', 'doc_0291_chunk_1', 'doc_0640_chunk_1']","['doc_0507_chunk_1', 'doc_0486_chunk_3', 'doc_0287_chunk_2', 'doc_0917_chunk_2']","['doc_0063_chunk_1', 'doc_0931_chunk_1', 'doc_0570_chunk_1', 'doc_0291_chunk_1', 'doc_0640_chunk_1', 'doc_0507_chunk_1', 'doc_0486_chunk_3', 'doc_0287_chunk_2', 'doc_0917_chunk_2']","The incident report for the 2025‑08‑05 APAC payment‑failure (doc_0931_chunk_1) shows a severity 3 outage with buffering, retries and high error rates.  
The security advisory on credential‑stuffing patterns (doc_0287_chunk_2) recommends:

* **Rate limiting** to curb automated credential attempts.  
* **Freezing deployments** while an investigation is underway.  
* **Rotating keys** to invalidate compromised credentials.

Additional operational guidance (doc_0486_chunk_3) advises:

* Performing **canary checks** after changes.  
* Using **reversible actions** when uncertainty is high.

**Recommended mitigation approach**:  
Implement rate limiting, pause new deployments during active investigation, rotate authentication keys, and deploy changes via canary checks with reversible steps to quickly roll back if needed.",0.8946511745452881,0.0695652173913043,0.2504540681838989
q_0005,Combine evidence from 'APAC payment_failure incident report (2025-08-05)' and 'Security advisory: credential stuffing patterns'. What is the recommended mitigation approach?,Initial triage reviewed dashboards and logs to reduce uncertainty. 7 or suspicious activity is confirmed.,hybrid,0,0.0,"['doc_0063_chunk_1', 'doc_0931_chunk_1', 'doc_0570_chunk_1', 'doc_0291_chunk_1', 'doc_0640_chunk_1']",[],"['doc_0063_chunk_1', 'doc_0931_chunk_1', 'doc_0570_chunk_1', 'doc_0291_chunk_1', 'doc_0640_chunk_1']","The evidence provided does not include any information from the “Security advisory: credential stuffing patterns.” Therefore, I cannot determine a recommended mitigation approach that combines the two sources.",0.4566359519958496,0.0,0.2266841828823089
q_0005,Combine evidence from 'APAC payment_failure incident report (2025-08-05)' and 'Security advisory: credential stuffing patterns'. What is the recommended mitigation approach?,Initial triage reviewed dashboards and logs to reduce uncertainty. 7 or suspicious activity is confirmed.,hybrid,1,0.1666666666666666,"['doc_0063_chunk_1', 'doc_0931_chunk_1', 'doc_0570_chunk_1', 'doc_0291_chunk_1', 'doc_0640_chunk_1']",['doc_0366_chunk_1'],"['doc_0063_chunk_1', 'doc_0931_chunk_1', 'doc_0570_chunk_1', 'doc_0291_chunk_1', 'doc_0640_chunk_1', 'doc_0366_chunk_1']","The evidence provided does not include any information about the “Security advisory: credential stuffing patterns.” Therefore, I cannot determine a recommended mitigation approach that combines the APAC payment_failure incident report (2025‑08‑05) with that advisory.",0.5273900032043457,0.0,0.2017984986305236
q_0005,Combine evidence from 'APAC payment_failure incident report (2025-08-05)' and 'Security advisory: credential stuffing patterns'. What is the recommended mitigation approach?,Initial triage reviewed dashboards and logs to reduce uncertainty. 7 or suspicious activity is confirmed.,hybrid,2,0.2857142857142857,"['doc_0063_chunk_1', 'doc_0931_chunk_1', 'doc_0570_chunk_1', 'doc_0291_chunk_1', 'doc_0640_chunk_1']","['doc_0960_chunk_3', 'doc_0935_chunk_3']","['doc_0063_chunk_1', 'doc_0931_chunk_1', 'doc_0570_chunk_1', 'doc_0291_chunk_1', 'doc_0640_chunk_1', 'doc_0960_chunk_3', 'doc_0935_chunk_3']","The evidence provided does not contain any information about a recommended mitigation approach for credential stuffing patterns. Therefore, I cannot answer the question based on the supplied documents.",0.5034294128417969,0.0,0.094865545630455
q_0005,Combine evidence from 'APAC payment_failure incident report (2025-08-05)' and 'Security advisory: credential stuffing patterns'. What is the recommended mitigation approach?,Initial triage reviewed dashboards and logs to reduce uncertainty. 7 or suspicious activity is confirmed.,hybrid,4,0.4444444444444444,"['doc_0063_chunk_1', 'doc_0931_chunk_1', 'doc_0570_chunk_1', 'doc_0291_chunk_1', 'doc_0640_chunk_1']","['doc_0887_chunk_1', 'doc_0098_chunk_3', 'doc_0834_chunk_1', 'doc_0869_chunk_1']","['doc_0063_chunk_1', 'doc_0931_chunk_1', 'doc_0570_chunk_1', 'doc_0291_chunk_1', 'doc_0640_chunk_1', 'doc_0887_chunk_1', 'doc_0098_chunk_3', 'doc_0834_chunk_1', 'doc_0869_chunk_1']","The evidence provided does not contain any explicit recommendation for a mitigation approach that combines the APAC payment‑failure incident report (2025‑08‑05) and the security advisory on credential‑stuffing patterns. Therefore, I cannot provide a recommended mitigation based on these sources.",0.6816775798797607,0.0344827586206896,0.1720862835645675
q_0006,Answer using evidence. What is the correct key detail from 'Security advisory: credential stuffing patterns' (ignore unrelated notes)?,7 or suspicious activity is confirmed,bm25,0,0.0,"['doc_0012_chunk_3', 'doc_0014_chunk_3', 'doc_1045_chunk_3', 'doc_0017_chunk_3', 'doc_1058_chunk_3']",[],"['doc_0012_chunk_3', 'doc_0014_chunk_3', 'doc_1045_chunk_3', 'doc_0017_chunk_3', 'doc_1058_chunk_3']","The evidence provided does not contain any information about the “Security advisory: credential stuffing patterns.” Therefore, I cannot provide the requested key detail.",0.4637000560760498,0.0,0.3543196320533752
q_0006,Answer using evidence. What is the correct key detail from 'Security advisory: credential stuffing patterns' (ignore unrelated notes)?,7 or suspicious activity is confirmed,bm25,1,0.1666666666666666,"['doc_0012_chunk_3', 'doc_0014_chunk_3', 'doc_1045_chunk_3', 'doc_0017_chunk_3', 'doc_1058_chunk_3']",['doc_0235_chunk_2'],"['doc_0012_chunk_3', 'doc_0014_chunk_3', 'doc_1045_chunk_3', 'doc_0017_chunk_3', 'doc_1058_chunk_3', 'doc_0235_chunk_2']","The provided evidence does not contain any information about the key detail from “Security advisory: credential stuffing patterns.” Therefore, I cannot answer the question based on the given sources.",0.4278709888458252,0.0,0.3304001092910766
q_0006,Answer using evidence. What is the correct key detail from 'Security advisory: credential stuffing patterns' (ignore unrelated notes)?,7 or suspicious activity is confirmed,bm25,2,0.2857142857142857,"['doc_0012_chunk_3', 'doc_0014_chunk_3', 'doc_1045_chunk_3', 'doc_0017_chunk_3', 'doc_1058_chunk_3']","['doc_0731_chunk_1', 'doc_0997_chunk_2']","['doc_0012_chunk_3', 'doc_0014_chunk_3', 'doc_1045_chunk_3', 'doc_0017_chunk_3', 'doc_1058_chunk_3', 'doc_0731_chunk_1', 'doc_0997_chunk_2']",The provided evidence does not contain any information about the key detail from “Security advisory: credential stuffing patterns.”,0.4396047592163086,0.0,0.3789710104465484
q_0006,Answer using evidence. What is the correct key detail from 'Security advisory: credential stuffing patterns' (ignore unrelated notes)?,7 or suspicious activity is confirmed,bm25,4,0.4444444444444444,"['doc_0012_chunk_3', 'doc_0014_chunk_3', 'doc_1045_chunk_3', 'doc_0017_chunk_3', 'doc_1058_chunk_3']","['doc_0336_chunk_1', 'doc_0225_chunk_1', 'doc_0633_chunk_1', 'doc_0520_chunk_1']","['doc_0012_chunk_3', 'doc_0014_chunk_3', 'doc_1045_chunk_3', 'doc_0017_chunk_3', 'doc_1058_chunk_3', 'doc_0336_chunk_1', 'doc_0225_chunk_1', 'doc_0633_chunk_1', 'doc_0520_chunk_1']","The evidence provided does not contain any information about the “Security advisory: credential stuffing patterns.” Therefore, I cannot provide the key detail from that advisory.",0.4137165546417236,0.0,0.344456672668457
q_0006,Answer using evidence. What is the correct key detail from 'Security advisory: credential stuffing patterns' (ignore unrelated notes)?,7 or suspicious activity is confirmed,dense,0,0.0,"['doc_0033_chunk_1', 'doc_0028_chunk_1', 'doc_0021_chunk_1', 'doc_0015_chunk_1', 'doc_0009_chunk_1']",[],"['doc_0033_chunk_1', 'doc_0028_chunk_1', 'doc_0021_chunk_1', 'doc_0015_chunk_1', 'doc_0009_chunk_1']","The advisory notes that credential‑stuffing attacks show recurring patterns, with key signals being repeated login failures, distributed IP addresses, and abnormal device fingerprints.",0.3540124893188476,0.0,0.3977873921394348
q_0006,Answer using evidence. What is the correct key detail from 'Security advisory: credential stuffing patterns' (ignore unrelated notes)?,7 or suspicious activity is confirmed,dense,1,0.1666666666666666,"['doc_0033_chunk_1', 'doc_0028_chunk_1', 'doc_0021_chunk_1', 'doc_0015_chunk_1', 'doc_0009_chunk_1']",['doc_0371_chunk_1'],"['doc_0033_chunk_1', 'doc_0028_chunk_1', 'doc_0021_chunk_1', 'doc_0015_chunk_1', 'doc_0009_chunk_1', 'doc_0371_chunk_1']","The advisory notes that credential‑stuffing attacks show recurring patterns, with key signals being repeated login failures, distributed IP addresses, and abnormal device fingerprints.",0.4191017150878906,0.0,0.3977873921394348
q_0006,Answer using evidence. What is the correct key detail from 'Security advisory: credential stuffing patterns' (ignore unrelated notes)?,7 or suspicious activity is confirmed,dense,2,0.2857142857142857,"['doc_0033_chunk_1', 'doc_0028_chunk_1', 'doc_0021_chunk_1', 'doc_0015_chunk_1', 'doc_0009_chunk_1']","['doc_0876_chunk_2', 'doc_0942_chunk_1']","['doc_0033_chunk_1', 'doc_0028_chunk_1', 'doc_0021_chunk_1', 'doc_0015_chunk_1', 'doc_0009_chunk_1', 'doc_0876_chunk_2', 'doc_0942_chunk_1']","The advisory notes that credential‑stuffing attacks show recurring patterns, with key signals being repeated login failures, distributed IP addresses, and abnormal device fingerprints.",0.5083999633789062,0.0,0.3977873921394348
q_0006,Answer using evidence. What is the correct key detail from 'Security advisory: credential stuffing patterns' (ignore unrelated notes)?,7 or suspicious activity is confirmed,dense,4,0.4444444444444444,"['doc_0033_chunk_1', 'doc_0028_chunk_1', 'doc_0021_chunk_1', 'doc_0015_chunk_1', 'doc_0009_chunk_1']","['doc_0763_chunk_1', 'doc_0302_chunk_2', 'doc_0937_chunk_2', 'doc_0445_chunk_2']","['doc_0033_chunk_1', 'doc_0028_chunk_1', 'doc_0021_chunk_1', 'doc_0015_chunk_1', 'doc_0009_chunk_1', 'doc_0763_chunk_1', 'doc_0302_chunk_2', 'doc_0937_chunk_2', 'doc_0445_chunk_2']","The advisory notes that credential‑stuffing activity is identified by **repeated login failures, distributed IP addresses, and abnormal device fingerprints**.",0.4027886390686035,0.1538461538461538,0.4036706984043121
q_0006,Answer using evidence. What is the correct key detail from 'Security advisory: credential stuffing patterns' (ignore unrelated notes)?,7 or suspicious activity is confirmed,hybrid,0,0.0,"['doc_1013_chunk_3', 'doc_0049_chunk_3', 'doc_1187_chunk_3', 'doc_0035_chunk_3', 'doc_1055_chunk_3']",[],"['doc_1013_chunk_3', 'doc_0049_chunk_3', 'doc_1187_chunk_3', 'doc_0035_chunk_3', 'doc_1055_chunk_3']","The evidence provided does not contain any information about the “Security advisory: credential stuffing patterns.” Therefore, I cannot determine the correct key detail from that advisory.",0.4913203716278076,0.0,0.3371720910072326
q_0006,Answer using evidence. What is the correct key detail from 'Security advisory: credential stuffing patterns' (ignore unrelated notes)?,7 or suspicious activity is confirmed,hybrid,1,0.1666666666666666,"['doc_1013_chunk_3', 'doc_0049_chunk_3', 'doc_1187_chunk_3', 'doc_0035_chunk_3', 'doc_1055_chunk_3']",['doc_1153_chunk_1'],"['doc_1013_chunk_3', 'doc_0049_chunk_3', 'doc_1187_chunk_3', 'doc_0035_chunk_3', 'doc_1055_chunk_3', 'doc_1153_chunk_1']","The advisory notes that credential‑stuffing attacks show recurring patterns, with key signals being repeated login failures, distributed IP addresses, and abnormal device fingerprints.",0.4705855846405029,0.0,0.3977873921394348
q_0006,Answer using evidence. What is the correct key detail from 'Security advisory: credential stuffing patterns' (ignore unrelated notes)?,7 or suspicious activity is confirmed,hybrid,2,0.2857142857142857,"['doc_1013_chunk_3', 'doc_0049_chunk_3', 'doc_1187_chunk_3', 'doc_0035_chunk_3', 'doc_1055_chunk_3']","['doc_1051_chunk_1', 'doc_1061_chunk_3']","['doc_1013_chunk_3', 'doc_0049_chunk_3', 'doc_1187_chunk_3', 'doc_0035_chunk_3', 'doc_1055_chunk_3', 'doc_1051_chunk_1', 'doc_1061_chunk_3']","The provided evidence does not contain any information about the “Security advisory: credential stuffing patterns.” Therefore, I cannot provide a key detail from that advisory.",0.4290688037872314,0.0,0.3391604423522949
q_0006,Answer using evidence. What is the correct key detail from 'Security advisory: credential stuffing patterns' (ignore unrelated notes)?,7 or suspicious activity is confirmed,hybrid,4,0.4444444444444444,"['doc_1013_chunk_3', 'doc_0049_chunk_3', 'doc_1187_chunk_3', 'doc_0035_chunk_3', 'doc_1055_chunk_3']","['doc_0078_chunk_1', 'doc_0314_chunk_2', 'doc_1124_chunk_2', 'doc_0045_chunk_1']","['doc_1013_chunk_3', 'doc_0049_chunk_3', 'doc_1187_chunk_3', 'doc_0035_chunk_3', 'doc_1055_chunk_3', 'doc_0078_chunk_1', 'doc_0314_chunk_2', 'doc_1124_chunk_2', 'doc_0045_chunk_1']","The provided evidence does not contain any information about the “Security advisory: credential stuffing patterns.” Therefore, I cannot provide the key detail from that advisory.",0.3957061767578125,0.0,0.3402400016784668
q_0007,"Based on the knowledge base, summarize the key point from: NA playback_error incident report (2026-12-16).",Mitigation included hotfix and validation via canary traffic,bm25,0,0.0,"['doc_0168_chunk_1', 'doc_0861_chunk_1', 'doc_0810_chunk_1', 'doc_0103_chunk_1', 'doc_0710_chunk_1']",[],"['doc_0168_chunk_1', 'doc_0861_chunk_1', 'doc_0810_chunk_1', 'doc_0103_chunk_1', 'doc_0710_chunk_1']","On 2026‑12‑16, a playback_error incident affected the NA region with a severity rating of 2. Customers reported buffering, retries, and elevated error rates.",0.401822566986084,0.0606060606060606,0.193098098039627
q_0007,"Based on the knowledge base, summarize the key point from: NA playback_error incident report (2026-12-16).",Mitigation included hotfix and validation via canary traffic,bm25,1,0.1666666666666666,"['doc_0168_chunk_1', 'doc_0861_chunk_1', 'doc_0810_chunk_1', 'doc_0103_chunk_1', 'doc_0710_chunk_1']",['doc_1101_chunk_3'],"['doc_0168_chunk_1', 'doc_0861_chunk_1', 'doc_0810_chunk_1', 'doc_0103_chunk_1', 'doc_0710_chunk_1', 'doc_1101_chunk_3']","On 2026‑12‑16 a playback_error occurred in the NA region with a severity rating of 2.  Customers reported buffering, retries, and elevated error rates.",0.4723644256591797,0.0606060606060606,0.1625258326530456
q_0007,"Based on the knowledge base, summarize the key point from: NA playback_error incident report (2026-12-16).",Mitigation included hotfix and validation via canary traffic,bm25,2,0.2857142857142857,"['doc_0168_chunk_1', 'doc_0861_chunk_1', 'doc_0810_chunk_1', 'doc_0103_chunk_1', 'doc_0710_chunk_1']","['doc_0432_chunk_2', 'doc_0549_chunk_2']","['doc_0168_chunk_1', 'doc_0861_chunk_1', 'doc_0810_chunk_1', 'doc_0103_chunk_1', 'doc_0710_chunk_1', 'doc_0432_chunk_2', 'doc_0549_chunk_2']","On 2026‑12‑16, a playback_error occurred in the NA region with a severity rating of 2. Customers reported buffering, retries, and elevated error rates.",0.237790822982788,0.0606060606060606,0.178266167640686
q_0007,"Based on the knowledge base, summarize the key point from: NA playback_error incident report (2026-12-16).",Mitigation included hotfix and validation via canary traffic,bm25,4,0.4444444444444444,"['doc_0168_chunk_1', 'doc_0861_chunk_1', 'doc_0810_chunk_1', 'doc_0103_chunk_1', 'doc_0710_chunk_1']","['doc_0367_chunk_1', 'doc_0091_chunk_2', 'doc_0289_chunk_3', 'doc_0776_chunk_2']","['doc_0168_chunk_1', 'doc_0861_chunk_1', 'doc_0810_chunk_1', 'doc_0103_chunk_1', 'doc_0710_chunk_1', 'doc_0367_chunk_1', 'doc_0091_chunk_2', 'doc_0289_chunk_3', 'doc_0776_chunk_2']","On 2026‑12‑16, a playback_error occurred in the NA region with a severity rating of 2.  Customers reported buffering, retries, and elevated error rates.",0.2322969436645507,0.0606060606060606,0.178266167640686
q_0007,"Based on the knowledge base, summarize the key point from: NA playback_error incident report (2026-12-16).",Mitigation included hotfix and validation via canary traffic,dense,0,0.0,"['doc_0710_chunk_1', 'doc_0810_chunk_1', 'doc_0114_chunk_1', 'doc_0103_chunk_1', 'doc_0168_chunk_1']",[],"['doc_0710_chunk_1', 'doc_0810_chunk_1', 'doc_0114_chunk_1', 'doc_0103_chunk_1', 'doc_0168_chunk_1']","The 2026‑12‑16 incident was a playback_error affecting the NA region. It was rated severity 2 and customers reported buffering, retries, and elevated error rates.",0.4682581424713135,0.0588235294117647,0.2190686464309692
q_0007,"Based on the knowledge base, summarize the key point from: NA playback_error incident report (2026-12-16).",Mitigation included hotfix and validation via canary traffic,dense,1,0.1666666666666666,"['doc_0710_chunk_1', 'doc_0810_chunk_1', 'doc_0114_chunk_1', 'doc_0103_chunk_1', 'doc_0168_chunk_1']",['doc_1199_chunk_1'],"['doc_0710_chunk_1', 'doc_0810_chunk_1', 'doc_0114_chunk_1', 'doc_0103_chunk_1', 'doc_0168_chunk_1', 'doc_1199_chunk_1']","The 2026‑12‑16 NA playback_error incident was a severity 2 event that caused customers to experience buffering, retries, and elevated error rates.",0.6698246002197266,0.064516129032258,0.2003091424703598
q_0007,"Based on the knowledge base, summarize the key point from: NA playback_error incident report (2026-12-16).",Mitigation included hotfix and validation via canary traffic,dense,2,0.2857142857142857,"['doc_0710_chunk_1', 'doc_0810_chunk_1', 'doc_0114_chunk_1', 'doc_0103_chunk_1', 'doc_0168_chunk_1']","['doc_0982_chunk_3', 'doc_0431_chunk_2']","['doc_0710_chunk_1', 'doc_0810_chunk_1', 'doc_0114_chunk_1', 'doc_0103_chunk_1', 'doc_0168_chunk_1', 'doc_0982_chunk_3', 'doc_0431_chunk_2']","On 2026‑12‑16 the playback_error in the NA region was logged as a severity 2 incident, with customers reporting buffering, retries and elevated error rates.",0.5893783569335938,0.0588235294117647,0.1896761804819107
q_0007,"Based on the knowledge base, summarize the key point from: NA playback_error incident report (2026-12-16).",Mitigation included hotfix and validation via canary traffic,dense,4,0.4444444444444444,"['doc_0710_chunk_1', 'doc_0810_chunk_1', 'doc_0114_chunk_1', 'doc_0103_chunk_1', 'doc_0168_chunk_1']","['doc_0292_chunk_1', 'doc_0897_chunk_2', 'doc_0683_chunk_2', 'doc_0542_chunk_1']","['doc_0710_chunk_1', 'doc_0810_chunk_1', 'doc_0114_chunk_1', 'doc_0103_chunk_1', 'doc_0168_chunk_1', 'doc_0292_chunk_1', 'doc_0897_chunk_2', 'doc_0683_chunk_2', 'doc_0542_chunk_1']","The NA playback_error incident on 2026‑12‑16 had a severity rating of 2 and caused customers to experience buffering, retries, and elevated error rates.",0.5136253833770752,0.0606060606060606,0.1988165974617004
q_0007,"Based on the knowledge base, summarize the key point from: NA playback_error incident report (2026-12-16).",Mitigation included hotfix and validation via canary traffic,hybrid,0,0.0,"['doc_0710_chunk_1', 'doc_0810_chunk_1', 'doc_0114_chunk_1', 'doc_0103_chunk_1', 'doc_0168_chunk_1']",[],"['doc_0710_chunk_1', 'doc_0810_chunk_1', 'doc_0114_chunk_1', 'doc_0103_chunk_1', 'doc_0168_chunk_1']","The 2026‑12‑16 incident was a playback_error affecting the NA region. It was rated severity 2 and customers reported buffering, retries, and elevated error rates.",0.4992680549621582,0.0588235294117647,0.2190686464309692
q_0007,"Based on the knowledge base, summarize the key point from: NA playback_error incident report (2026-12-16).",Mitigation included hotfix and validation via canary traffic,hybrid,1,0.1666666666666666,"['doc_0710_chunk_1', 'doc_0810_chunk_1', 'doc_0114_chunk_1', 'doc_0103_chunk_1', 'doc_0168_chunk_1']",['doc_0880_chunk_2'],"['doc_0710_chunk_1', 'doc_0810_chunk_1', 'doc_0114_chunk_1', 'doc_0103_chunk_1', 'doc_0168_chunk_1', 'doc_0880_chunk_2']","The 2026‑12‑16 NA playback_error incident had a severity 2 impact, causing customers to experience buffering, retries, and higher error rates. Root‑cause analysis identified **config_drift** as the primary driver of the incident.",0.5240769386291504,0.0476190476190476,0.2446875274181366
q_0007,"Based on the knowledge base, summarize the key point from: NA playback_error incident report (2026-12-16).",Mitigation included hotfix and validation via canary traffic,hybrid,2,0.2857142857142857,"['doc_0710_chunk_1', 'doc_0810_chunk_1', 'doc_0114_chunk_1', 'doc_0103_chunk_1', 'doc_0168_chunk_1']","['doc_0628_chunk_2', 'doc_0197_chunk_1']","['doc_0710_chunk_1', 'doc_0810_chunk_1', 'doc_0114_chunk_1', 'doc_0103_chunk_1', 'doc_0168_chunk_1', 'doc_0628_chunk_2', 'doc_0197_chunk_1']","On 2026‑12‑16, a playback_error occurred in the NA region with a severity rating of 2. Customers reported buffering, retries, and elevated error rates.",0.2240660190582275,0.0606060606060606,0.178266167640686
q_0007,"Based on the knowledge base, summarize the key point from: NA playback_error incident report (2026-12-16).",Mitigation included hotfix and validation via canary traffic,hybrid,4,0.4444444444444444,"['doc_0710_chunk_1', 'doc_0810_chunk_1', 'doc_0114_chunk_1', 'doc_0103_chunk_1', 'doc_0168_chunk_1']","['doc_0363_chunk_2', 'doc_0192_chunk_2', 'doc_0338_chunk_3', 'doc_1019_chunk_3']","['doc_0710_chunk_1', 'doc_0810_chunk_1', 'doc_0114_chunk_1', 'doc_0103_chunk_1', 'doc_0168_chunk_1', 'doc_0363_chunk_2', 'doc_0192_chunk_2', 'doc_0338_chunk_3', 'doc_1019_chunk_3']","The 2026‑12‑16 incident was a playback_error in the NA region, rated severity 2, and customers experienced buffering, retries, and elevated error rates.",0.3935108184814453,0.0625,0.2110693603754043
q_0008,Answer using evidence. What is the correct key detail from 'Security advisory: credential stuffing patterns' (ignore unrelated notes)?,7 or suspicious activity is confirmed,bm25,0,0.0,"['doc_0012_chunk_3', 'doc_0014_chunk_3', 'doc_1045_chunk_3', 'doc_0017_chunk_3', 'doc_1058_chunk_3']",[],"['doc_0012_chunk_3', 'doc_0014_chunk_3', 'doc_1045_chunk_3', 'doc_0017_chunk_3', 'doc_1058_chunk_3']","The evidence provided does not contain any information about the “Security advisory: credential stuffing patterns.” Therefore, I cannot provide the requested key detail.",0.4127647876739502,0.0,0.3543196320533752
q_0008,Answer using evidence. What is the correct key detail from 'Security advisory: credential stuffing patterns' (ignore unrelated notes)?,7 or suspicious activity is confirmed,bm25,1,0.1666666666666666,"['doc_0012_chunk_3', 'doc_0014_chunk_3', 'doc_1045_chunk_3', 'doc_0017_chunk_3', 'doc_1058_chunk_3']",['doc_0768_chunk_2'],"['doc_0012_chunk_3', 'doc_0014_chunk_3', 'doc_1045_chunk_3', 'doc_0017_chunk_3', 'doc_1058_chunk_3', 'doc_0768_chunk_2']","The evidence provided does not contain any information about the “Security advisory: credential stuffing patterns.” Therefore, I cannot identify a key detail from that advisory based on the supplied text.",0.5424315929412842,0.0,0.3420668840408325
q_0008,Answer using evidence. What is the correct key detail from 'Security advisory: credential stuffing patterns' (ignore unrelated notes)?,7 or suspicious activity is confirmed,bm25,2,0.2857142857142857,"['doc_0012_chunk_3', 'doc_0014_chunk_3', 'doc_1045_chunk_3', 'doc_0017_chunk_3', 'doc_1058_chunk_3']","['doc_0737_chunk_3', 'doc_0360_chunk_3']","['doc_0012_chunk_3', 'doc_0014_chunk_3', 'doc_1045_chunk_3', 'doc_0017_chunk_3', 'doc_1058_chunk_3', 'doc_0737_chunk_3', 'doc_0360_chunk_3']","The provided evidence does not contain any information about the “Security advisory: credential stuffing patterns.” Therefore, I cannot provide the key detail from that advisory.",0.4620764255523681,0.0,0.3402400016784668
q_0008,Answer using evidence. What is the correct key detail from 'Security advisory: credential stuffing patterns' (ignore unrelated notes)?,7 or suspicious activity is confirmed,bm25,4,0.4444444444444444,"['doc_0012_chunk_3', 'doc_0014_chunk_3', 'doc_1045_chunk_3', 'doc_0017_chunk_3', 'doc_1058_chunk_3']","['doc_1021_chunk_3', 'doc_0800_chunk_1', 'doc_0586_chunk_3', 'doc_0798_chunk_3']","['doc_0012_chunk_3', 'doc_0014_chunk_3', 'doc_1045_chunk_3', 'doc_0017_chunk_3', 'doc_1058_chunk_3', 'doc_1021_chunk_3', 'doc_0800_chunk_1', 'doc_0586_chunk_3', 'doc_0798_chunk_3']","The provided evidence does not contain any information about a “Security advisory: credential stuffing patterns.” Therefore, I cannot provide a key detail from that advisory.",0.5025644302368164,0.0,0.3474708795547485
q_0008,Answer using evidence. What is the correct key detail from 'Security advisory: credential stuffing patterns' (ignore unrelated notes)?,7 or suspicious activity is confirmed,dense,0,0.0,"['doc_0033_chunk_1', 'doc_0028_chunk_1', 'doc_0021_chunk_1', 'doc_0015_chunk_1', 'doc_0009_chunk_1']",[],"['doc_0033_chunk_1', 'doc_0028_chunk_1', 'doc_0021_chunk_1', 'doc_0015_chunk_1', 'doc_0009_chunk_1']","The advisory notes that credential‑stuffing attacks show recurring patterns, with key signals being repeated login failures, distributed IP addresses, and abnormal device fingerprints.",0.1815879344940185,0.0,0.3977873921394348
q_0008,Answer using evidence. What is the correct key detail from 'Security advisory: credential stuffing patterns' (ignore unrelated notes)?,7 or suspicious activity is confirmed,dense,1,0.1666666666666666,"['doc_0033_chunk_1', 'doc_0028_chunk_1', 'doc_0021_chunk_1', 'doc_0015_chunk_1', 'doc_0009_chunk_1']",['doc_0547_chunk_3'],"['doc_0033_chunk_1', 'doc_0028_chunk_1', 'doc_0021_chunk_1', 'doc_0015_chunk_1', 'doc_0009_chunk_1', 'doc_0547_chunk_3']","The advisory notes that credential‑stuffing attacks show recurring patterns, with key signals being repeated login failures, distributed IP addresses, and abnormal device fingerprints.",0.1736724376678466,0.0,0.3977873921394348
q_0008,Answer using evidence. What is the correct key detail from 'Security advisory: credential stuffing patterns' (ignore unrelated notes)?,7 or suspicious activity is confirmed,dense,2,0.2857142857142857,"['doc_0033_chunk_1', 'doc_0028_chunk_1', 'doc_0021_chunk_1', 'doc_0015_chunk_1', 'doc_0009_chunk_1']","['doc_0496_chunk_3', 'doc_0302_chunk_1']","['doc_0033_chunk_1', 'doc_0028_chunk_1', 'doc_0021_chunk_1', 'doc_0015_chunk_1', 'doc_0009_chunk_1', 'doc_0496_chunk_3', 'doc_0302_chunk_1']","The advisory notes that credential‑stuffing attacks show recurring patterns, with key signals being repeated login failures, distributed IP addresses, and abnormal device fingerprints.",0.2090506553649902,0.0,0.3977873921394348
q_0008,Answer using evidence. What is the correct key detail from 'Security advisory: credential stuffing patterns' (ignore unrelated notes)?,7 or suspicious activity is confirmed,dense,4,0.4444444444444444,"['doc_0033_chunk_1', 'doc_0028_chunk_1', 'doc_0021_chunk_1', 'doc_0015_chunk_1', 'doc_0009_chunk_1']","['doc_0191_chunk_2', 'doc_0698_chunk_2', 'doc_0676_chunk_2', 'doc_0126_chunk_3']","['doc_0033_chunk_1', 'doc_0028_chunk_1', 'doc_0021_chunk_1', 'doc_0015_chunk_1', 'doc_0009_chunk_1', 'doc_0191_chunk_2', 'doc_0698_chunk_2', 'doc_0676_chunk_2', 'doc_0126_chunk_3']","The advisory notes that credential‑stuffing activity is identified by **repeated login failures, distributed IP addresses, and abnormal device fingerprints**.",0.202608585357666,0.1538461538461538,0.4036706984043121
q_0008,Answer using evidence. What is the correct key detail from 'Security advisory: credential stuffing patterns' (ignore unrelated notes)?,7 or suspicious activity is confirmed,hybrid,0,0.0,"['doc_1013_chunk_3', 'doc_0049_chunk_3', 'doc_1187_chunk_3', 'doc_0035_chunk_3', 'doc_1055_chunk_3']",[],"['doc_1013_chunk_3', 'doc_0049_chunk_3', 'doc_1187_chunk_3', 'doc_0035_chunk_3', 'doc_1055_chunk_3']","The evidence provided does not contain any information about the “Security advisory: credential stuffing patterns.” Therefore, I cannot determine the correct key detail from that advisory.",0.2529170513153076,0.0,0.3371720910072326
q_0008,Answer using evidence. What is the correct key detail from 'Security advisory: credential stuffing patterns' (ignore unrelated notes)?,7 or suspicious activity is confirmed,hybrid,1,0.1666666666666666,"['doc_1013_chunk_3', 'doc_0049_chunk_3', 'doc_1187_chunk_3', 'doc_0035_chunk_3', 'doc_1055_chunk_3']",['doc_1033_chunk_3'],"['doc_1013_chunk_3', 'doc_0049_chunk_3', 'doc_1187_chunk_3', 'doc_0035_chunk_3', 'doc_1055_chunk_3', 'doc_1033_chunk_3']",The provided evidence does not contain any information about the key detail from “Security advisory: credential stuffing patterns.”,0.4092931747436523,0.0,0.3789710104465484
q_0008,Answer using evidence. What is the correct key detail from 'Security advisory: credential stuffing patterns' (ignore unrelated notes)?,7 or suspicious activity is confirmed,hybrid,2,0.2857142857142857,"['doc_1013_chunk_3', 'doc_0049_chunk_3', 'doc_1187_chunk_3', 'doc_0035_chunk_3', 'doc_1055_chunk_3']","['doc_0065_chunk_3', 'doc_1178_chunk_1']","['doc_1013_chunk_3', 'doc_0049_chunk_3', 'doc_1187_chunk_3', 'doc_0035_chunk_3', 'doc_1055_chunk_3', 'doc_0065_chunk_3', 'doc_1178_chunk_1']","The provided evidence does not contain any information about the “Security advisory: credential stuffing patterns.” Therefore, I cannot provide the key detail from that advisory.",0.4537415504455566,0.0,0.3402400016784668
q_0008,Answer using evidence. What is the correct key detail from 'Security advisory: credential stuffing patterns' (ignore unrelated notes)?,7 or suspicious activity is confirmed,hybrid,4,0.4444444444444444,"['doc_1013_chunk_3', 'doc_0049_chunk_3', 'doc_1187_chunk_3', 'doc_0035_chunk_3', 'doc_1055_chunk_3']","['doc_0151_chunk_2', 'doc_0210_chunk_2', 'doc_0858_chunk_2', 'doc_0220_chunk_1']","['doc_1013_chunk_3', 'doc_0049_chunk_3', 'doc_1187_chunk_3', 'doc_0035_chunk_3', 'doc_1055_chunk_3', 'doc_0151_chunk_2', 'doc_0210_chunk_2', 'doc_0858_chunk_2', 'doc_0220_chunk_1']",The provided evidence does not contain any information about the key detail from “Security advisory: credential stuffing patterns.”,0.4501292705535888,0.0,0.3789710104465484
q_0009,"Based on the knowledge base, summarize the key point from: LATAM data_pipeline_break incident report (2024-05-21).",Mitigation included rotate_keys and validation via canary traffic,bm25,0,0.0,"['doc_0980_chunk_1', 'doc_1189_chunk_1', 'doc_0811_chunk_1', 'doc_1092_chunk_1', 'doc_1010_chunk_1']",[],"['doc_0980_chunk_1', 'doc_1189_chunk_1', 'doc_0811_chunk_1', 'doc_1092_chunk_1', 'doc_1010_chunk_1']","The 2024‑05‑21 incident was a data‑pipeline break in the LATAM region, rated severity 3, and customers reported buffering, retries, and elevated error rates.",0.2830343246459961,0.0588235294117647,0.1685766577720642
q_0009,"Based on the knowledge base, summarize the key point from: LATAM data_pipeline_break incident report (2024-05-21).",Mitigation included rotate_keys and validation via canary traffic,bm25,1,0.1666666666666666,"['doc_0980_chunk_1', 'doc_1189_chunk_1', 'doc_0811_chunk_1', 'doc_1092_chunk_1', 'doc_1010_chunk_1']",['doc_1083_chunk_2'],"['doc_0980_chunk_1', 'doc_1189_chunk_1', 'doc_0811_chunk_1', 'doc_1092_chunk_1', 'doc_1010_chunk_1', 'doc_1083_chunk_2']","The 2024‑05‑21 incident was a data‑pipeline break that affected the LATAM region. It was rated severity 3, and customers reported buffering, retries, and elevated error rates.",0.6032884120941162,0.054054054054054,0.1824199259281158
q_0009,"Based on the knowledge base, summarize the key point from: LATAM data_pipeline_break incident report (2024-05-21).",Mitigation included rotate_keys and validation via canary traffic,bm25,2,0.2857142857142857,"['doc_0980_chunk_1', 'doc_1189_chunk_1', 'doc_0811_chunk_1', 'doc_1092_chunk_1', 'doc_1010_chunk_1']","['doc_0930_chunk_2', 'doc_0577_chunk_2']","['doc_0980_chunk_1', 'doc_1189_chunk_1', 'doc_0811_chunk_1', 'doc_1092_chunk_1', 'doc_1010_chunk_1', 'doc_0930_chunk_2', 'doc_0577_chunk_2']","The 2024‑05‑21 incident was a data‑pipeline break in the LATAM region, rated severity 3, and customers reported buffering, retries, and elevated error rates.",0.2675399780273437,0.0588235294117647,0.1685766577720642
q_0009,"Based on the knowledge base, summarize the key point from: LATAM data_pipeline_break incident report (2024-05-21).",Mitigation included rotate_keys and validation via canary traffic,bm25,4,0.4444444444444444,"['doc_0980_chunk_1', 'doc_1189_chunk_1', 'doc_0811_chunk_1', 'doc_1092_chunk_1', 'doc_1010_chunk_1']","['doc_0815_chunk_2', 'doc_0087_chunk_3', 'doc_0526_chunk_2', 'doc_0522_chunk_1']","['doc_0980_chunk_1', 'doc_1189_chunk_1', 'doc_0811_chunk_1', 'doc_1092_chunk_1', 'doc_1010_chunk_1', 'doc_0815_chunk_2', 'doc_0087_chunk_3', 'doc_0526_chunk_2', 'doc_0522_chunk_1']","The LATAM data‑pipeline break on **2024‑05‑21** was a **severity 3** outage that caused customers to experience **buffering, retries, and elevated error rates**.",0.4615507125854492,0.0606060606060606,0.1753381937742233
q_0009,"Based on the knowledge base, summarize the key point from: LATAM data_pipeline_break incident report (2024-05-21).",Mitigation included rotate_keys and validation via canary traffic,dense,0,0.0,"['doc_1092_chunk_1', 'doc_0980_chunk_1', 'doc_0811_chunk_1', 'doc_1189_chunk_1', 'doc_0010_chunk_1']",[],"['doc_1092_chunk_1', 'doc_0980_chunk_1', 'doc_0811_chunk_1', 'doc_1189_chunk_1', 'doc_0010_chunk_1']","On 2024‑05‑21 a data‑pipeline break in the LATAM region was reported as a severity 3 incident, causing customers to experience buffering, retries, and elevated error rates.",0.4697985649108886,0.054054054054054,0.1712155640125274
q_0009,"Based on the knowledge base, summarize the key point from: LATAM data_pipeline_break incident report (2024-05-21).",Mitigation included rotate_keys and validation via canary traffic,dense,1,0.1666666666666666,"['doc_1092_chunk_1', 'doc_0980_chunk_1', 'doc_0811_chunk_1', 'doc_1189_chunk_1', 'doc_0010_chunk_1']",['doc_0815_chunk_1'],"['doc_1092_chunk_1', 'doc_0980_chunk_1', 'doc_0811_chunk_1', 'doc_1189_chunk_1', 'doc_0010_chunk_1', 'doc_0815_chunk_1']","On 2024‑05‑21 a data‑pipeline break occurred in the LATAM region. The incident was rated severity 3 and customers experienced buffering, retries, and elevated error rates.",0.4132046699523926,0.0555555555555555,0.1394909769296646
q_0009,"Based on the knowledge base, summarize the key point from: LATAM data_pipeline_break incident report (2024-05-21).",Mitigation included rotate_keys and validation via canary traffic,dense,2,0.2857142857142857,"['doc_1092_chunk_1', 'doc_0980_chunk_1', 'doc_0811_chunk_1', 'doc_1189_chunk_1', 'doc_0010_chunk_1']","['doc_0640_chunk_2', 'doc_0723_chunk_3']","['doc_1092_chunk_1', 'doc_0980_chunk_1', 'doc_0811_chunk_1', 'doc_1189_chunk_1', 'doc_0010_chunk_1', 'doc_0640_chunk_2', 'doc_0723_chunk_3']","On 2024‑05‑21 a data‑pipeline break in the LATAM region was classified as severity 3. Customers reported buffering, retries and elevated error rates. The root cause was identified as **config drift**. The incident was mitigated by restarting the service and validating the fix with canary traffic. Post‑incident review highlighted that a fast rollback and targeted rate‑limiting can reduce customer impact during peak load.",0.596808910369873,0.08,0.3192917108535766
q_0009,"Based on the knowledge base, summarize the key point from: LATAM data_pipeline_break incident report (2024-05-21).",Mitigation included rotate_keys and validation via canary traffic,dense,4,0.4444444444444444,"['doc_1092_chunk_1', 'doc_0980_chunk_1', 'doc_0811_chunk_1', 'doc_1189_chunk_1', 'doc_0010_chunk_1']","['doc_0344_chunk_2', 'doc_0756_chunk_3', 'doc_1177_chunk_2', 'doc_0017_chunk_1']","['doc_1092_chunk_1', 'doc_0980_chunk_1', 'doc_0811_chunk_1', 'doc_1189_chunk_1', 'doc_0010_chunk_1', 'doc_0344_chunk_2', 'doc_0756_chunk_3', 'doc_1177_chunk_2', 'doc_0017_chunk_1']","The LATAM data_pipeline_break incident on 2024‑05‑21 was a severity 3 event that caused buffering, retries, and elevated error rates for customers in the LATAM region.",0.4147305488586426,0.0571428571428571,0.1963686645030975
q_0009,"Based on the knowledge base, summarize the key point from: LATAM data_pipeline_break incident report (2024-05-21).",Mitigation included rotate_keys and validation via canary traffic,hybrid,0,0.0,"['doc_1092_chunk_1', 'doc_0980_chunk_1', 'doc_0811_chunk_1', 'doc_1189_chunk_1', 'doc_0010_chunk_1']",[],"['doc_1092_chunk_1', 'doc_0980_chunk_1', 'doc_0811_chunk_1', 'doc_1189_chunk_1', 'doc_0010_chunk_1']","On 2024‑05‑21 a data‑pipeline break in the LATAM region was reported as a severity 3 incident, causing customers to experience buffering, retries, and elevated error rates.",0.1924870014190673,0.054054054054054,0.1712155640125274
q_0009,"Based on the knowledge base, summarize the key point from: LATAM data_pipeline_break incident report (2024-05-21).",Mitigation included rotate_keys and validation via canary traffic,hybrid,1,0.1666666666666666,"['doc_1092_chunk_1', 'doc_0980_chunk_1', 'doc_0811_chunk_1', 'doc_1189_chunk_1', 'doc_0010_chunk_1']",['doc_0930_chunk_2'],"['doc_1092_chunk_1', 'doc_0980_chunk_1', 'doc_0811_chunk_1', 'doc_1189_chunk_1', 'doc_0010_chunk_1', 'doc_0930_chunk_2']","On 2024‑05‑21 a data‑pipeline break in the LATAM region was reported with **severity 3**.  Customers experienced **buffering, retries, and elevated error rates**.  The root‑cause analysis identified **`cdn_cache_rule`** as the primary driver of the incident.",0.5363242626190186,0.0434782608695652,0.1979756951332092
q_0009,"Based on the knowledge base, summarize the key point from: LATAM data_pipeline_break incident report (2024-05-21).",Mitigation included rotate_keys and validation via canary traffic,hybrid,2,0.2857142857142857,"['doc_1092_chunk_1', 'doc_0980_chunk_1', 'doc_0811_chunk_1', 'doc_1189_chunk_1', 'doc_0010_chunk_1']","['doc_0986_chunk_1', 'doc_0157_chunk_3']","['doc_1092_chunk_1', 'doc_0980_chunk_1', 'doc_0811_chunk_1', 'doc_1189_chunk_1', 'doc_0010_chunk_1', 'doc_0986_chunk_1', 'doc_0157_chunk_3']","The LATAM data‑pipeline break on **2024‑05‑21** was a **severity 3** incident that caused **buffering, retries, and elevated error rates** for customers.",0.4805178642272949,0.0625,0.1945628523826599
q_0009,"Based on the knowledge base, summarize the key point from: LATAM data_pipeline_break incident report (2024-05-21).",Mitigation included rotate_keys and validation via canary traffic,hybrid,4,0.4444444444444444,"['doc_1092_chunk_1', 'doc_0980_chunk_1', 'doc_0811_chunk_1', 'doc_1189_chunk_1', 'doc_0010_chunk_1']","['doc_0932_chunk_2', 'doc_0734_chunk_2', 'doc_1027_chunk_1', 'doc_0365_chunk_2']","['doc_1092_chunk_1', 'doc_0980_chunk_1', 'doc_0811_chunk_1', 'doc_1189_chunk_1', 'doc_0010_chunk_1', 'doc_0932_chunk_2', 'doc_0734_chunk_2', 'doc_1027_chunk_1', 'doc_0365_chunk_2']","The LATAM data‑pipeline break that occurred on **2024‑05‑21** was a **severity 3** incident.  Customers experienced **buffering, retries, and elevated error rates** during the outage.",0.4577076435089111,0.0571428571428571,0.1652922332286834
q_0010,"Based on the knowledge base, summarize the key point from: Security advisory: credential stuffing patterns.",This advisory describes recurring patterns of credential stuffing,bm25,0,0.0,"['doc_0016_chunk_1', 'doc_1189_chunk_1', 'doc_0926_chunk_1', 'doc_0721_chunk_1', 'doc_0723_chunk_1']",[],"['doc_0016_chunk_1', 'doc_1189_chunk_1', 'doc_0926_chunk_1', 'doc_0721_chunk_1', 'doc_0723_chunk_1']","The provided evidence does not contain any information about a security advisory on credential stuffing patterns. Therefore, I cannot summarize that key point.",0.4566612243652344,0.2580645161290322,0.8019370436668396
q_0010,"Based on the knowledge base, summarize the key point from: Security advisory: credential stuffing patterns.",This advisory describes recurring patterns of credential stuffing,bm25,1,0.1666666666666666,"['doc_0016_chunk_1', 'doc_1189_chunk_1', 'doc_0926_chunk_1', 'doc_0721_chunk_1', 'doc_0723_chunk_1']",['doc_1051_chunk_3'],"['doc_0016_chunk_1', 'doc_1189_chunk_1', 'doc_0926_chunk_1', 'doc_0721_chunk_1', 'doc_0723_chunk_1', 'doc_1051_chunk_3']",Security escalation must be triggered whenever suspicious activity is confirmed or credential abuse (such as credential‑stuffing) is detected.,0.2934901714324951,0.1481481481481481,0.5488016605377197
q_0010,"Based on the knowledge base, summarize the key point from: Security advisory: credential stuffing patterns.",This advisory describes recurring patterns of credential stuffing,bm25,2,0.2857142857142857,"['doc_0016_chunk_1', 'doc_1189_chunk_1', 'doc_0926_chunk_1', 'doc_0721_chunk_1', 'doc_0723_chunk_1']","['doc_0877_chunk_1', 'doc_0465_chunk_3']","['doc_0016_chunk_1', 'doc_1189_chunk_1', 'doc_0926_chunk_1', 'doc_0721_chunk_1', 'doc_0723_chunk_1', 'doc_0877_chunk_1', 'doc_0465_chunk_3']","The provided evidence does not contain any information about “credential stuffing patterns.” Therefore, I cannot summarize a key point on that topic.",0.3945376873016357,0.1999999999999999,0.8323739767074585
q_0010,"Based on the knowledge base, summarize the key point from: Security advisory: credential stuffing patterns.",This advisory describes recurring patterns of credential stuffing,bm25,4,0.4444444444444444,"['doc_0016_chunk_1', 'doc_1189_chunk_1', 'doc_0926_chunk_1', 'doc_0721_chunk_1', 'doc_0723_chunk_1']","['doc_0153_chunk_2', 'doc_0402_chunk_1', 'doc_0594_chunk_3', 'doc_0217_chunk_1']","['doc_0016_chunk_1', 'doc_1189_chunk_1', 'doc_0926_chunk_1', 'doc_0721_chunk_1', 'doc_0723_chunk_1', 'doc_0153_chunk_2', 'doc_0402_chunk_1', 'doc_0594_chunk_3', 'doc_0217_chunk_1']","The provided evidence does not contain any information about a security advisory on credential‑stuffing patterns. Therefore, I cannot summarize a key point on that topic.",0.3773601055145263,0.2352941176470588,0.8111087083816528
q_0010,"Based on the knowledge base, summarize the key point from: Security advisory: credential stuffing patterns.",This advisory describes recurring patterns of credential stuffing,dense,0,0.0,"['doc_0033_chunk_1', 'doc_0028_chunk_1', 'doc_0021_chunk_1', 'doc_0015_chunk_1', 'doc_0009_chunk_1']",[],"['doc_0033_chunk_1', 'doc_0028_chunk_1', 'doc_0021_chunk_1', 'doc_0015_chunk_1', 'doc_0009_chunk_1']","The advisory highlights that credential‑stuffing attacks can be identified by three recurring signals: repeated login failures, a spread of attempts across many IP addresses, and abnormal device fingerprints.",0.3715033531188965,0.2702702702702703,0.6832001209259033
q_0010,"Based on the knowledge base, summarize the key point from: Security advisory: credential stuffing patterns.",This advisory describes recurring patterns of credential stuffing,dense,1,0.1666666666666666,"['doc_0033_chunk_1', 'doc_0028_chunk_1', 'doc_0021_chunk_1', 'doc_0015_chunk_1', 'doc_0009_chunk_1']",['doc_0622_chunk_1'],"['doc_0033_chunk_1', 'doc_0028_chunk_1', 'doc_0021_chunk_1', 'doc_0015_chunk_1', 'doc_0009_chunk_1', 'doc_0622_chunk_1']","The advisory notes that credential‑stuffing attacks can be detected by three recurring signals: repeated login failures, a spread of attempts across many IP addresses, and abnormal device fingerprints.",0.1933271884918213,0.2702702702702703,0.668161928653717
q_0010,"Based on the knowledge base, summarize the key point from: Security advisory: credential stuffing patterns.",This advisory describes recurring patterns of credential stuffing,dense,2,0.2857142857142857,"['doc_0033_chunk_1', 'doc_0028_chunk_1', 'doc_0021_chunk_1', 'doc_0015_chunk_1', 'doc_0009_chunk_1']","['doc_0005_chunk_2', 'doc_0988_chunk_2']","['doc_0033_chunk_1', 'doc_0028_chunk_1', 'doc_0021_chunk_1', 'doc_0015_chunk_1', 'doc_0009_chunk_1', 'doc_0005_chunk_2', 'doc_0988_chunk_2']","The advisory notes that credential‑stuffing attacks can be identified by a set of recurring signals: repeated login failures, a spread of attempts across many IP addresses, and abnormal or inconsistent device fingerprints.",0.2094011306762695,0.2439024390243902,0.6715852618217468
q_0010,"Based on the knowledge base, summarize the key point from: Security advisory: credential stuffing patterns.",This advisory describes recurring patterns of credential stuffing,dense,4,0.4444444444444444,"['doc_0033_chunk_1', 'doc_0028_chunk_1', 'doc_0021_chunk_1', 'doc_0015_chunk_1', 'doc_0009_chunk_1']","['doc_1198_chunk_2', 'doc_0985_chunk_1', 'doc_0362_chunk_1', 'doc_0686_chunk_1']","['doc_0033_chunk_1', 'doc_0028_chunk_1', 'doc_0021_chunk_1', 'doc_0015_chunk_1', 'doc_0009_chunk_1', 'doc_1198_chunk_2', 'doc_0985_chunk_1', 'doc_0362_chunk_1', 'doc_0686_chunk_1']","The advisory highlights that credential‑stuffing attacks can be identified by three recurring signals: repeated login failures, a wide distribution of IP addresses, and abnormal device fingerprints. It also covers common failure modes and outlines safe mitigations and verification steps to counter these attacks.",0.4537312984466553,0.1923076923076923,0.6931722164154053
q_0010,"Based on the knowledge base, summarize the key point from: Security advisory: credential stuffing patterns.",This advisory describes recurring patterns of credential stuffing,hybrid,0,0.0,"['doc_0921_chunk_1', 'doc_0713_chunk_1', 'doc_0846_chunk_1', 'doc_0119_chunk_1', 'doc_0191_chunk_1']",[],"['doc_0921_chunk_1', 'doc_0713_chunk_1', 'doc_0846_chunk_1', 'doc_0119_chunk_1', 'doc_0191_chunk_1']","The provided evidence does not contain any information about a security advisory on credential stuffing patterns. Therefore, I cannot summarize that key point.",0.4121875762939453,0.2580645161290322,0.8019370436668396
q_0010,"Based on the knowledge base, summarize the key point from: Security advisory: credential stuffing patterns.",This advisory describes recurring patterns of credential stuffing,hybrid,1,0.1666666666666666,"['doc_0921_chunk_1', 'doc_0713_chunk_1', 'doc_0846_chunk_1', 'doc_0119_chunk_1', 'doc_0191_chunk_1']",['doc_1042_chunk_3'],"['doc_0921_chunk_1', 'doc_0713_chunk_1', 'doc_0846_chunk_1', 'doc_0119_chunk_1', 'doc_0191_chunk_1', 'doc_1042_chunk_3']","The provided evidence does not contain any information about credential stuffing patterns. Therefore, I cannot summarize a key point on that topic.",0.4260873794555664,0.1999999999999999,0.8050965070724487
q_0010,"Based on the knowledge base, summarize the key point from: Security advisory: credential stuffing patterns.",This advisory describes recurring patterns of credential stuffing,hybrid,2,0.2857142857142857,"['doc_0921_chunk_1', 'doc_0713_chunk_1', 'doc_0846_chunk_1', 'doc_0119_chunk_1', 'doc_0191_chunk_1']","['doc_0245_chunk_2', 'doc_0694_chunk_3']","['doc_0921_chunk_1', 'doc_0713_chunk_1', 'doc_0846_chunk_1', 'doc_0119_chunk_1', 'doc_0191_chunk_1', 'doc_0245_chunk_2', 'doc_0694_chunk_3']","The advisory stresses that when credential‑stuffing patterns are detected, the response should include:

* **Rate limiting** to slow repeated login attempts.  
* **Freezing deployments** while an investigation is active.  
* **Rotating keys** (or credentials) to invalidate compromised credentials.  
* **Escalating** to the security response team whenever the risk level is above zero.  
* Performing **canary checks** after changes, preferring reversible actions when uncertainty is high.  
* **Documenting** outcomes and sharing a brief incident summary with stakeholders.",0.7865588665008545,0.1012658227848101,0.6548078060150146
q_0010,"Based on the knowledge base, summarize the key point from: Security advisory: credential stuffing patterns.",This advisory describes recurring patterns of credential stuffing,hybrid,4,0.4444444444444444,"['doc_0921_chunk_1', 'doc_0713_chunk_1', 'doc_0846_chunk_1', 'doc_0119_chunk_1', 'doc_0191_chunk_1']","['doc_0146_chunk_2', 'doc_1191_chunk_1', 'doc_0856_chunk_1', 'doc_0409_chunk_1']","['doc_0921_chunk_1', 'doc_0713_chunk_1', 'doc_0846_chunk_1', 'doc_0119_chunk_1', 'doc_0191_chunk_1', 'doc_0146_chunk_2', 'doc_1191_chunk_1', 'doc_0856_chunk_1', 'doc_0409_chunk_1']","The provided evidence does not contain any information about a security advisory on credential‑stuffing patterns. Therefore, I cannot summarize that key point.",0.1916625499725341,0.2580645161290322,0.7926968932151794
q_0011,"Based on the knowledge base, summarize the key point from: Deployment Log: operational notes.",This deployment_log provides operational guidance for streaming systems,bm25,0,0.0,"['doc_1189_chunk_1', 'doc_0798_chunk_1', 'doc_0010_chunk_1', 'doc_1094_chunk_1', 'doc_0235_chunk_1']",[],"['doc_1189_chunk_1', 'doc_0798_chunk_1', 'doc_0010_chunk_1', 'doc_1094_chunk_1', 'doc_0235_chunk_1']","The deployment log’s operational notes highlight recurring incidents that caused buffering, retries, and elevated error rates across multiple regions. Specifically, a data‑pipeline break on 2024‑05‑21 (LATAM, severity 3) and 2024‑11‑14 (EU, severity 3), a payment failure on 2024‑11‑27 (NA, severity 2) and 2025‑08‑10 (NA, severity 5), and a suspicious activity event on 2026‑11‑26 (NA, severity 2) are all documented. These events illustrate the types of operational disruptions and their impact on customer experience.",0.5641019344329834,0.021505376344086,0.4001379609107971
q_0011,"Based on the knowledge base, summarize the key point from: Deployment Log: operational notes.",This deployment_log provides operational guidance for streaming systems,bm25,1,0.1666666666666666,"['doc_1189_chunk_1', 'doc_0798_chunk_1', 'doc_0010_chunk_1', 'doc_1094_chunk_1', 'doc_0235_chunk_1']",['doc_1151_chunk_2'],"['doc_1189_chunk_1', 'doc_0798_chunk_1', 'doc_0010_chunk_1', 'doc_1094_chunk_1', 'doc_0235_chunk_1', 'doc_1151_chunk_2']","The deployment log operational notes record incidents that affect service performance. Each entry lists the date, type of incident (e.g., data pipeline break, payment failure, suspicious activity), the region impacted, the severity level, and the common customer symptoms observed—buffering, retries, and elevated error rates.",0.364825963973999,0.037037037037037,0.5285062193870544
q_0011,"Based on the knowledge base, summarize the key point from: Deployment Log: operational notes.",This deployment_log provides operational guidance for streaming systems,bm25,2,0.2857142857142857,"['doc_1189_chunk_1', 'doc_0798_chunk_1', 'doc_0010_chunk_1', 'doc_1094_chunk_1', 'doc_0235_chunk_1']","['doc_0874_chunk_2', 'doc_0694_chunk_3']","['doc_1189_chunk_1', 'doc_0798_chunk_1', 'doc_0010_chunk_1', 'doc_1094_chunk_1', 'doc_0235_chunk_1', 'doc_0874_chunk_2', 'doc_0694_chunk_3']","The deployment log notes that the incident was caused by a **db_index_regression**.  The team’s operational response involved:

1. **Initial triage** – reviewing dashboards and logs to reduce uncertainty.  
2. **Root‑cause analysis** – confirming the db index regression as the primary driver.  
3. **Mitigation strategy** – using canary checks after changes, preferring reversible actions under high uncertainty, and documenting the outcomes in a short incident summary for stakeholder visibility.",0.7477059364318848,0.0533333333333333,0.3746564388275146
q_0011,"Based on the knowledge base, summarize the key point from: Deployment Log: operational notes.",This deployment_log provides operational guidance for streaming systems,bm25,4,0.4444444444444444,"['doc_1189_chunk_1', 'doc_0798_chunk_1', 'doc_0010_chunk_1', 'doc_1094_chunk_1', 'doc_0235_chunk_1']","['doc_0833_chunk_2', 'doc_0273_chunk_1', 'doc_0210_chunk_1', 'doc_0512_chunk_1']","['doc_1189_chunk_1', 'doc_0798_chunk_1', 'doc_0010_chunk_1', 'doc_1094_chunk_1', 'doc_0235_chunk_1', 'doc_0833_chunk_2', 'doc_0273_chunk_1', 'doc_0210_chunk_1', 'doc_0512_chunk_1']",The deployment log contains operational guidance for streaming systems.,0.5526952743530273,0.5882352941176471,0.9467154741287231
q_0011,"Based on the knowledge base, summarize the key point from: Deployment Log: operational notes.",This deployment_log provides operational guidance for streaming systems,dense,0,0.0,"['doc_0045_chunk_1', 'doc_0038_chunk_1', 'doc_0018_chunk_1', 'doc_0007_chunk_1', 'doc_0002_chunk_1']",[],"['doc_0045_chunk_1', 'doc_0038_chunk_1', 'doc_0018_chunk_1', 'doc_0007_chunk_1', 'doc_0002_chunk_1']",The deployment log offers operational guidance for streaming systems.,0.4394986629486084,0.5882352941176471,0.9507207274436952
q_0011,"Based on the knowledge base, summarize the key point from: Deployment Log: operational notes.",This deployment_log provides operational guidance for streaming systems,dense,1,0.1666666666666666,"['doc_0045_chunk_1', 'doc_0038_chunk_1', 'doc_0018_chunk_1', 'doc_0007_chunk_1', 'doc_0002_chunk_1']",['doc_1043_chunk_3'],"['doc_0045_chunk_1', 'doc_0038_chunk_1', 'doc_0018_chunk_1', 'doc_0007_chunk_1', 'doc_0002_chunk_1', 'doc_1043_chunk_3']","The deployment log emphasizes operational guidance for streaming systems, recommending that changes be tested with canary checks, that reversible actions be preferred when uncertainty is high, and that outcomes be documented and a concise incident summary shared with stakeholders.",0.4271295070648193,0.2127659574468084,0.7961188554763794
q_0011,"Based on the knowledge base, summarize the key point from: Deployment Log: operational notes.",This deployment_log provides operational guidance for streaming systems,dense,2,0.2857142857142857,"['doc_0045_chunk_1', 'doc_0038_chunk_1', 'doc_0018_chunk_1', 'doc_0007_chunk_1', 'doc_0002_chunk_1']","['doc_0223_chunk_1', 'doc_0739_chunk_1']","['doc_0045_chunk_1', 'doc_0038_chunk_1', 'doc_0018_chunk_1', 'doc_0007_chunk_1', 'doc_0002_chunk_1', 'doc_0223_chunk_1', 'doc_0739_chunk_1']","The deployment log offers operational guidance for streaming systems, outlining the platform’s core services (Billing, Observability, Data Pipeline, Search) and describing how requests flow from edge caches to regional clusters with automated health checks.",0.6198396682739258,0.2325581395348837,0.8508334159851074
q_0011,"Based on the knowledge base, summarize the key point from: Deployment Log: operational notes.",This deployment_log provides operational guidance for streaming systems,dense,4,0.4444444444444444,"['doc_0045_chunk_1', 'doc_0038_chunk_1', 'doc_0018_chunk_1', 'doc_0007_chunk_1', 'doc_0002_chunk_1']","['doc_1065_chunk_3', 'doc_0726_chunk_3', 'doc_0001_chunk_3', 'doc_0820_chunk_2']","['doc_0045_chunk_1', 'doc_0038_chunk_1', 'doc_0018_chunk_1', 'doc_0007_chunk_1', 'doc_0002_chunk_1', 'doc_1065_chunk_3', 'doc_0726_chunk_3', 'doc_0001_chunk_3', 'doc_0820_chunk_2']","The deployment log is a source of operational guidance for streaming systems, covering best‑practice practices such as canary rollouts, fast rollback, targeted rate limiting, observability (metrics, traces, logs), and defined incident‑response timelines for different severity levels.",0.6365139484405518,0.217391304347826,0.8126803636550903
q_0011,"Based on the knowledge base, summarize the key point from: Deployment Log: operational notes.",This deployment_log provides operational guidance for streaming systems,hybrid,0,0.0,"['doc_1194_chunk_1', 'doc_0018_chunk_1', 'doc_0372_chunk_1', 'doc_0370_chunk_1', 'doc_0364_chunk_1']",[],"['doc_1194_chunk_1', 'doc_0018_chunk_1', 'doc_0372_chunk_1', 'doc_0370_chunk_1', 'doc_0364_chunk_1']",The deployment log contains operational guidance for streaming systems.,0.4466352462768554,0.5882352941176471,0.9467154741287231
q_0011,"Based on the knowledge base, summarize the key point from: Deployment Log: operational notes.",This deployment_log provides operational guidance for streaming systems,hybrid,1,0.1666666666666666,"['doc_1194_chunk_1', 'doc_0018_chunk_1', 'doc_0372_chunk_1', 'doc_0370_chunk_1', 'doc_0364_chunk_1']",['doc_0444_chunk_3'],"['doc_1194_chunk_1', 'doc_0018_chunk_1', 'doc_0372_chunk_1', 'doc_0370_chunk_1', 'doc_0364_chunk_1', 'doc_0444_chunk_3']","The deployment log gives operational guidance for streaming systems, highlighting that observability—through metrics, traces, and logs—supports incident response. It also stresses safe rollouts, recommending canaries and staged deployments to avoid widespread regressions.",0.5702683925628662,0.2380952380952381,0.8361058831214905
q_0011,"Based on the knowledge base, summarize the key point from: Deployment Log: operational notes.",This deployment_log provides operational guidance for streaming systems,hybrid,2,0.2857142857142857,"['doc_1194_chunk_1', 'doc_0018_chunk_1', 'doc_0372_chunk_1', 'doc_0370_chunk_1', 'doc_0364_chunk_1']","['doc_0669_chunk_2', 'doc_0027_chunk_3']","['doc_1194_chunk_1', 'doc_0018_chunk_1', 'doc_0372_chunk_1', 'doc_0370_chunk_1', 'doc_0364_chunk_1', 'doc_0669_chunk_2', 'doc_0027_chunk_3']","The deployment log’s main point is that it offers operational guidance for streaming systems, emphasizing the need to identify common failure modes, apply safe mitigations, and perform verification steps. It recommends using canary checks after changes, favoring reversible actions when uncertainty is high, and documenting outcomes with a concise incident summary for stakeholder visibility.",0.5042529106140137,0.1587301587301587,0.7718147039413452
q_0011,"Based on the knowledge base, summarize the key point from: Deployment Log: operational notes.",This deployment_log provides operational guidance for streaming systems,hybrid,4,0.4444444444444444,"['doc_1194_chunk_1', 'doc_0018_chunk_1', 'doc_0372_chunk_1', 'doc_0370_chunk_1', 'doc_0364_chunk_1']","['doc_0154_chunk_1', 'doc_0497_chunk_3', 'doc_1137_chunk_3', 'doc_1103_chunk_3']","['doc_1194_chunk_1', 'doc_0018_chunk_1', 'doc_0372_chunk_1', 'doc_0370_chunk_1', 'doc_0364_chunk_1', 'doc_0154_chunk_1', 'doc_0497_chunk_3', 'doc_1137_chunk_3', 'doc_1103_chunk_3']","The deployment log gives operational guidance for a streaming platform, outlining its core services (Playback API, Observability, Search, Billing), how requests move from edge caches to regional clusters with automated health checks, and best practices for observability (metrics, traces, logs) and safe rollouts (canaries, staged deployments). It also specifies incident‑response procedures, including customer notifications for Severity 4/5 events and security escalation when suspicious activity or credential abuse is detected.",0.5759701728820801,0.1012658227848101,0.8308393955230713
q_0012,Combine evidence from 'APAC payment_failure incident report (2024-06-02)' and 'Deployment Log: operational notes'. What is the recommended mitigation approach?,"Initial triage reviewed dashboards and logs to reduce uncertainty. It discusses common failure modes, safe mitigations, and verification steps.",bm25,0,0.0,"['doc_0982_chunk_1', 'doc_0886_chunk_1', 'doc_0086_chunk_1', 'doc_1012_chunk_1', 'doc_0071_chunk_1']",[],"['doc_0982_chunk_1', 'doc_0886_chunk_1', 'doc_0086_chunk_1', 'doc_1012_chunk_1', 'doc_0071_chunk_1']","The provided evidence does not contain any information about a recommended mitigation approach from the APAC payment_failure incident report (2024‑06‑02) or the Deployment Log: operational notes. Therefore, I cannot answer the question based on the available evidence.",0.4337882995605469,0.0,0.2692397832870483
q_0012,Combine evidence from 'APAC payment_failure incident report (2024-06-02)' and 'Deployment Log: operational notes'. What is the recommended mitigation approach?,"Initial triage reviewed dashboards and logs to reduce uncertainty. It discusses common failure modes, safe mitigations, and verification steps.",bm25,1,0.1666666666666666,"['doc_0982_chunk_1', 'doc_0886_chunk_1', 'doc_0086_chunk_1', 'doc_1012_chunk_1', 'doc_0071_chunk_1']",['doc_0421_chunk_2'],"['doc_0982_chunk_1', 'doc_0886_chunk_1', 'doc_0086_chunk_1', 'doc_1012_chunk_1', 'doc_0071_chunk_1', 'doc_0421_chunk_2']","The provided evidence does not include the “APAC payment_failure incident report (2024‑06‑02)” or the “Deployment Log: operational notes.” Therefore, I cannot determine the recommended mitigation approach from the available information.",0.5180549621582031,0.0,0.2973251342773437
q_0012,Combine evidence from 'APAC payment_failure incident report (2024-06-02)' and 'Deployment Log: operational notes'. What is the recommended mitigation approach?,"Initial triage reviewed dashboards and logs to reduce uncertainty. It discusses common failure modes, safe mitigations, and verification steps.",bm25,2,0.2857142857142857,"['doc_0982_chunk_1', 'doc_0886_chunk_1', 'doc_0086_chunk_1', 'doc_1012_chunk_1', 'doc_0071_chunk_1']","['doc_0328_chunk_2', 'doc_0080_chunk_2']","['doc_0982_chunk_1', 'doc_0886_chunk_1', 'doc_0086_chunk_1', 'doc_1012_chunk_1', 'doc_0071_chunk_1', 'doc_0328_chunk_2', 'doc_0080_chunk_2']","The evidence provided does not include any information from the “APAC payment_failure incident report (2024‑06‑02)”. Therefore, I cannot combine that report with the deployment log to determine a mitigation approach.",0.6479318141937256,0.0392156862745098,0.3079795241355896
q_0012,Combine evidence from 'APAC payment_failure incident report (2024-06-02)' and 'Deployment Log: operational notes'. What is the recommended mitigation approach?,"Initial triage reviewed dashboards and logs to reduce uncertainty. It discusses common failure modes, safe mitigations, and verification steps.",bm25,4,0.4444444444444444,"['doc_0982_chunk_1', 'doc_0886_chunk_1', 'doc_0086_chunk_1', 'doc_1012_chunk_1', 'doc_0071_chunk_1']","['doc_0330_chunk_2', 'doc_0776_chunk_1', 'doc_0109_chunk_1', 'doc_0118_chunk_2']","['doc_0982_chunk_1', 'doc_0886_chunk_1', 'doc_0086_chunk_1', 'doc_1012_chunk_1', 'doc_0071_chunk_1', 'doc_0330_chunk_2', 'doc_0776_chunk_1', 'doc_0109_chunk_1', 'doc_0118_chunk_2']","The recommended mitigation approach is to **implement rate limiting, freeze any new deployments while the investigation is ongoing, rotate any affected keys, and elevate the issue to the security response team if the risk level exceeds zero**.",0.7048137187957764,0.0714285714285714,0.3342121839523315
q_0012,Combine evidence from 'APAC payment_failure incident report (2024-06-02)' and 'Deployment Log: operational notes'. What is the recommended mitigation approach?,"Initial triage reviewed dashboards and logs to reduce uncertainty. It discusses common failure modes, safe mitigations, and verification steps.",dense,0,0.0,"['doc_0786_chunk_1', 'doc_0640_chunk_1', 'doc_0726_chunk_1', 'doc_0570_chunk_1', 'doc_0754_chunk_1']",[],"['doc_0786_chunk_1', 'doc_0640_chunk_1', 'doc_0726_chunk_1', 'doc_0570_chunk_1', 'doc_0754_chunk_1']",The evidence provided does not contain any information about a recommended mitigation approach.,0.3889336585998535,0.0,0.159793734550476
q_0012,Combine evidence from 'APAC payment_failure incident report (2024-06-02)' and 'Deployment Log: operational notes'. What is the recommended mitigation approach?,"Initial triage reviewed dashboards and logs to reduce uncertainty. It discusses common failure modes, safe mitigations, and verification steps.",dense,1,0.1666666666666666,"['doc_0786_chunk_1', 'doc_0640_chunk_1', 'doc_0726_chunk_1', 'doc_0570_chunk_1', 'doc_0754_chunk_1']",['doc_1001_chunk_3'],"['doc_0786_chunk_1', 'doc_0640_chunk_1', 'doc_0726_chunk_1', 'doc_0570_chunk_1', 'doc_0754_chunk_1', 'doc_1001_chunk_3']","The recommended mitigation approach is to:

1. **Apply changes using canary checks** – test the update on a small subset before full rollout.  
2. **Prefer reversible actions** when uncertainty is high, so any issue can be quickly undone.  
3. **Document the outcomes** of the deployment and share a concise incident summary with stakeholders for visibility.",0.5930576324462891,0.0821917808219178,0.4004855751991272
q_0012,Combine evidence from 'APAC payment_failure incident report (2024-06-02)' and 'Deployment Log: operational notes'. What is the recommended mitigation approach?,"Initial triage reviewed dashboards and logs to reduce uncertainty. It discusses common failure modes, safe mitigations, and verification steps.",dense,2,0.2857142857142857,"['doc_0786_chunk_1', 'doc_0640_chunk_1', 'doc_0726_chunk_1', 'doc_0570_chunk_1', 'doc_0754_chunk_1']","['doc_0665_chunk_1', 'doc_1116_chunk_3']","['doc_0786_chunk_1', 'doc_0640_chunk_1', 'doc_0726_chunk_1', 'doc_0570_chunk_1', 'doc_0754_chunk_1', 'doc_0665_chunk_1', 'doc_1116_chunk_3']","The incident report for the 2024‑06‑02 payment failure in APAC (severity 1) notes buffering, retries, and elevated error rates.  The operational notes in the deployment log recommend mitigating such incidents by:

* **Freezing new deployments** while the issue is investigated.  
* **Validating changes with canary traffic** before full rollout.  
* Performing a **fast rollback** if problems appear.  
* Applying **targeted rate‑limiting** to reduce customer impact during peak load.",0.6332149505615234,0.0930232558139534,0.318569004535675
q_0012,Combine evidence from 'APAC payment_failure incident report (2024-06-02)' and 'Deployment Log: operational notes'. What is the recommended mitigation approach?,"Initial triage reviewed dashboards and logs to reduce uncertainty. It discusses common failure modes, safe mitigations, and verification steps.",dense,4,0.4444444444444444,"['doc_0786_chunk_1', 'doc_0640_chunk_1', 'doc_0726_chunk_1', 'doc_0570_chunk_1', 'doc_0754_chunk_1']","['doc_0095_chunk_2', 'doc_1041_chunk_1', 'doc_0729_chunk_1', 'doc_1048_chunk_1']","['doc_0786_chunk_1', 'doc_0640_chunk_1', 'doc_0726_chunk_1', 'doc_0570_chunk_1', 'doc_0754_chunk_1', 'doc_0095_chunk_2', 'doc_1041_chunk_1', 'doc_0729_chunk_1', 'doc_1048_chunk_1']","The evidence does not contain a specific mitigation recommendation for the 2024‑06‑02 APAC payment_failure incident. The incident report only records the severity and symptoms, and the deployment log references general operational guidance but does not provide explicit mitigation steps. Therefore, based on the provided evidence, a recommended mitigation approach cannot be determined.",0.7835707664489746,0.0821917808219178,0.341208815574646
q_0012,Combine evidence from 'APAC payment_failure incident report (2024-06-02)' and 'Deployment Log: operational notes'. What is the recommended mitigation approach?,"Initial triage reviewed dashboards and logs to reduce uncertainty. It discusses common failure modes, safe mitigations, and verification steps.",hybrid,0,0.0,"['doc_0786_chunk_1', 'doc_0640_chunk_1', 'doc_0726_chunk_1', 'doc_0570_chunk_1', 'doc_0754_chunk_1']",[],"['doc_0786_chunk_1', 'doc_0640_chunk_1', 'doc_0726_chunk_1', 'doc_0570_chunk_1', 'doc_0754_chunk_1']",The evidence provided does not contain any information about a recommended mitigation approach.,0.4089603424072265,0.0,0.159793734550476
q_0012,Combine evidence from 'APAC payment_failure incident report (2024-06-02)' and 'Deployment Log: operational notes'. What is the recommended mitigation approach?,"Initial triage reviewed dashboards and logs to reduce uncertainty. It discusses common failure modes, safe mitigations, and verification steps.",hybrid,1,0.1666666666666666,"['doc_0786_chunk_1', 'doc_0640_chunk_1', 'doc_0726_chunk_1', 'doc_0570_chunk_1', 'doc_0754_chunk_1']",['doc_0172_chunk_3'],"['doc_0786_chunk_1', 'doc_0640_chunk_1', 'doc_0726_chunk_1', 'doc_0570_chunk_1', 'doc_0754_chunk_1', 'doc_0172_chunk_3']","The recommended mitigation approach is to:

1. **Apply changes using canary checks** – test the update on a small subset before full rollout.  
2. **Prefer reversible actions** when uncertainty is high, so any issue can be quickly undone.  
3. **Document the outcomes** of the deployment and share a concise incident summary with stakeholders for visibility.",0.4940111637115478,0.0821917808219178,0.4004855751991272
q_0012,Combine evidence from 'APAC payment_failure incident report (2024-06-02)' and 'Deployment Log: operational notes'. What is the recommended mitigation approach?,"Initial triage reviewed dashboards and logs to reduce uncertainty. It discusses common failure modes, safe mitigations, and verification steps.",hybrid,2,0.2857142857142857,"['doc_0786_chunk_1', 'doc_0640_chunk_1', 'doc_0726_chunk_1', 'doc_0570_chunk_1', 'doc_0754_chunk_1']","['doc_0176_chunk_1', 'doc_0903_chunk_2']","['doc_0786_chunk_1', 'doc_0640_chunk_1', 'doc_0726_chunk_1', 'doc_0570_chunk_1', 'doc_0754_chunk_1', 'doc_0176_chunk_1', 'doc_0903_chunk_2']","The evidence provided does not contain a specific recommendation for mitigating the payment_failure incident. The incident report (2024‑06‑02) lists the symptoms and severity, and the deployment log notes mention that it discusses common failure modes, safe mitigations, and verification steps, but no concrete mitigation approach is stated. Therefore, based on the available evidence, I cannot provide a recommended mitigation approach.",0.7674155235290527,0.2716049382716049,0.3907219767570495
q_0012,Combine evidence from 'APAC payment_failure incident report (2024-06-02)' and 'Deployment Log: operational notes'. What is the recommended mitigation approach?,"Initial triage reviewed dashboards and logs to reduce uncertainty. It discusses common failure modes, safe mitigations, and verification steps.",hybrid,4,0.4444444444444444,"['doc_0786_chunk_1', 'doc_0640_chunk_1', 'doc_0726_chunk_1', 'doc_0570_chunk_1', 'doc_0754_chunk_1']","['doc_0650_chunk_2', 'doc_0752_chunk_2', 'doc_0226_chunk_2', 'doc_0362_chunk_3']","['doc_0786_chunk_1', 'doc_0640_chunk_1', 'doc_0726_chunk_1', 'doc_0570_chunk_1', 'doc_0754_chunk_1', 'doc_0650_chunk_2', 'doc_0752_chunk_2', 'doc_0226_chunk_2', 'doc_0362_chunk_3']","**Recommended mitigation approach**

From the 2024‑06‑02 APAC payment‑failure incident report (severity 1) and the operational notes in the deployment log, the recommended mitigation steps are:

1. **Apply a hotfix** to the affected service.  
2. **Validate the hotfix with canary traffic** to ensure it resolves the issue without introducing new problems.  
3. **Perform a fast rollback** if the canary test shows any regressions.  
4. **Implement targeted rate‑limiting** during peak load to reduce customer impact while the fix is in place.  
5. **Verify the mitigation** using the safe‑mitigation and verification steps outlined in the operational notes.  

These steps combine the incident’s severity context with proven deployment‑time practices to quickly restore service and minimize customer disruption.",0.866004228591919,0.1294964028776978,0.4570792913436889
q_0013,Combine evidence from 'NA cdn_issue incident report (2026-06-24)' and 'Architecture note: Auth / Data Pipeline / Recommendations / Playback API'. What is the recommended mitigation approach?,"On 2026-06-24, the cdn_issue impacted the NA region with severity 4. Authentication tokens are validated before playback sessions are authorized.",bm25,0,0.0,"['doc_1195_chunk_3', 'doc_0009_chunk_3', 'doc_0953_chunk_3', 'doc_0950_chunk_3', 'doc_0939_chunk_3']",[],"['doc_1195_chunk_3', 'doc_0009_chunk_3', 'doc_0953_chunk_3', 'doc_0950_chunk_3', 'doc_0939_chunk_3']","The evidence provided does not contain any information about the NA CDN issue incident report or the Architecture note on Auth/Data Pipeline/Recommendations/Playback API. Therefore, I cannot determine a recommended mitigation approach from the available evidence.",0.4440381526947021,0.1666666666666666,0.7984398603439331
q_0013,Combine evidence from 'NA cdn_issue incident report (2026-06-24)' and 'Architecture note: Auth / Data Pipeline / Recommendations / Playback API'. What is the recommended mitigation approach?,"On 2026-06-24, the cdn_issue impacted the NA region with severity 4. Authentication tokens are validated before playback sessions are authorized.",bm25,1,0.1666666666666666,"['doc_1195_chunk_3', 'doc_0009_chunk_3', 'doc_0953_chunk_3', 'doc_0950_chunk_3', 'doc_0939_chunk_3']",['doc_0721_chunk_3'],"['doc_1195_chunk_3', 'doc_0009_chunk_3', 'doc_0953_chunk_3', 'doc_0950_chunk_3', 'doc_0939_chunk_3', 'doc_0721_chunk_3']","The recommended mitigation approach is to **avoid blind restarts** when token validation or the auth pipeline is suspected to be compromised, and instead perform a **fast rollback** followed by **validation via canary traffic**. Additionally, apply **targeted rate‑limiting** to reduce customer impact during peak load.",0.3740973472595215,0.0597014925373134,0.3361493647098541
q_0013,Combine evidence from 'NA cdn_issue incident report (2026-06-24)' and 'Architecture note: Auth / Data Pipeline / Recommendations / Playback API'. What is the recommended mitigation approach?,"On 2026-06-24, the cdn_issue impacted the NA region with severity 4. Authentication tokens are validated before playback sessions are authorized.",bm25,2,0.2857142857142857,"['doc_1195_chunk_3', 'doc_0009_chunk_3', 'doc_0953_chunk_3', 'doc_0950_chunk_3', 'doc_0939_chunk_3']","['doc_1193_chunk_2', 'doc_0829_chunk_2']","['doc_1195_chunk_3', 'doc_0009_chunk_3', 'doc_0953_chunk_3', 'doc_0950_chunk_3', 'doc_0939_chunk_3', 'doc_1193_chunk_2', 'doc_0829_chunk_2']","The recommended mitigation approach is to:

1. **Rate‑limit** traffic to the affected services.  
2. **Freeze deployments** while the investigation is ongoing.  
3. **Rotate all relevant keys** (API keys, tokens, certificates, etc.).  
4. **Escalate to the security response team** whenever the assessed risk is greater than zero.  
5. **Avoid blindly restarting services** if there is evidence that the token‑validation or authentication pipeline has been compromised.",0.4960455894470215,0.1136363636363636,0.2737064957618713
q_0013,Combine evidence from 'NA cdn_issue incident report (2026-06-24)' and 'Architecture note: Auth / Data Pipeline / Recommendations / Playback API'. What is the recommended mitigation approach?,"On 2026-06-24, the cdn_issue impacted the NA region with severity 4. Authentication tokens are validated before playback sessions are authorized.",bm25,4,0.4444444444444444,"['doc_1195_chunk_3', 'doc_0009_chunk_3', 'doc_0953_chunk_3', 'doc_0950_chunk_3', 'doc_0939_chunk_3']","['doc_0579_chunk_1', 'doc_0290_chunk_2', 'doc_0737_chunk_2', 'doc_1033_chunk_2']","['doc_1195_chunk_3', 'doc_0009_chunk_3', 'doc_0953_chunk_3', 'doc_0950_chunk_3', 'doc_0939_chunk_3', 'doc_0579_chunk_1', 'doc_0290_chunk_2', 'doc_0737_chunk_2', 'doc_1033_chunk_2']","The recommended mitigation is **not to restart services blindly** when there is evidence of suspicious activity that may involve token validation or the authentication pipeline. Instead, verify whether the auth pipeline or token validation is compromised and apply the safe‑mitigation steps outlined in the architecture note.",0.3885729312896728,0.0869565217391304,0.2771282792091369
q_0013,Combine evidence from 'NA cdn_issue incident report (2026-06-24)' and 'Architecture note: Auth / Data Pipeline / Recommendations / Playback API'. What is the recommended mitigation approach?,"On 2026-06-24, the cdn_issue impacted the NA region with severity 4. Authentication tokens are validated before playback sessions are authorized.",dense,0,0.0,"['doc_0588_chunk_1', 'doc_0848_chunk_1', 'doc_0320_chunk_1', 'doc_0451_chunk_1', 'doc_0999_chunk_1']",[],"['doc_0588_chunk_1', 'doc_0848_chunk_1', 'doc_0320_chunk_1', 'doc_0451_chunk_1', 'doc_0999_chunk_1']","The provided evidence does not include the “Architecture note: Auth / Data Pipeline / Recommendations / Playback API,” so I cannot determine the recommended mitigation approach.",0.5622208118438721,0.1333333333333333,0.4283332228660583
q_0013,Combine evidence from 'NA cdn_issue incident report (2026-06-24)' and 'Architecture note: Auth / Data Pipeline / Recommendations / Playback API'. What is the recommended mitigation approach?,"On 2026-06-24, the cdn_issue impacted the NA region with severity 4. Authentication tokens are validated before playback sessions are authorized.",dense,1,0.1666666666666666,"['doc_0588_chunk_1', 'doc_0848_chunk_1', 'doc_0320_chunk_1', 'doc_0451_chunk_1', 'doc_0999_chunk_1']",['doc_0998_chunk_3'],"['doc_0588_chunk_1', 'doc_0848_chunk_1', 'doc_0320_chunk_1', 'doc_0451_chunk_1', 'doc_0999_chunk_1', 'doc_0998_chunk_3']","The evidence provided does not include the content of the “Architecture note: Auth / Data Pipeline / Recommendations / Playback API,” so I cannot combine it with the incident report to determine a recommended mitigation approach.",0.5612654685974121,0.1454545454545454,0.4319244921207428
q_0013,Combine evidence from 'NA cdn_issue incident report (2026-06-24)' and 'Architecture note: Auth / Data Pipeline / Recommendations / Playback API'. What is the recommended mitigation approach?,"On 2026-06-24, the cdn_issue impacted the NA region with severity 4. Authentication tokens are validated before playback sessions are authorized.",dense,2,0.2857142857142857,"['doc_0588_chunk_1', 'doc_0848_chunk_1', 'doc_0320_chunk_1', 'doc_0451_chunk_1', 'doc_0999_chunk_1']","['doc_0944_chunk_1', 'doc_0275_chunk_2']","['doc_0588_chunk_1', 'doc_0848_chunk_1', 'doc_0320_chunk_1', 'doc_0451_chunk_1', 'doc_0999_chunk_1', 'doc_0944_chunk_1', 'doc_0275_chunk_2']","The provided evidence does not contain a specific recommendation for mitigating the CDN issue. The incident report (2026‑06‑24) describes the symptoms and severity, and the architecture note describes the overall service flow, but neither source includes a mitigation strategy. Therefore, I cannot provide a recommended mitigation approach based on the available evidence.",0.804215669631958,0.1842105263157895,0.6230975389480591
q_0013,Combine evidence from 'NA cdn_issue incident report (2026-06-24)' and 'Architecture note: Auth / Data Pipeline / Recommendations / Playback API'. What is the recommended mitigation approach?,"On 2026-06-24, the cdn_issue impacted the NA region with severity 4. Authentication tokens are validated before playback sessions are authorized.",dense,4,0.4444444444444444,"['doc_0588_chunk_1', 'doc_0848_chunk_1', 'doc_0320_chunk_1', 'doc_0451_chunk_1', 'doc_0999_chunk_1']","['doc_0975_chunk_3', 'doc_0426_chunk_3', 'doc_0546_chunk_2', 'doc_0919_chunk_2']","['doc_0588_chunk_1', 'doc_0848_chunk_1', 'doc_0320_chunk_1', 'doc_0451_chunk_1', 'doc_0999_chunk_1', 'doc_0975_chunk_3', 'doc_0426_chunk_3', 'doc_0546_chunk_2', 'doc_0919_chunk_2']","The architecture note recommends the following mitigation steps for a CDN‑related incident:

* **Rate‑limit traffic** to reduce load while the issue is investigated.  
* **Freeze new deployments** until the root cause is understood.  
* **Rotate any keys or credentials** that might be affected.  
* Deploy changes through **canary or staged rollouts** to avoid widespread regressions.  
* Use **observability** (metrics, traces, and logs) to support incident response and verify that the mitigation is effective.",1.0786781311035156,0.0434782608695652,0.6021775007247925
q_0013,Combine evidence from 'NA cdn_issue incident report (2026-06-24)' and 'Architecture note: Auth / Data Pipeline / Recommendations / Playback API'. What is the recommended mitigation approach?,"On 2026-06-24, the cdn_issue impacted the NA region with severity 4. Authentication tokens are validated before playback sessions are authorized.",hybrid,0,0.0,"['doc_0588_chunk_1', 'doc_0848_chunk_1', 'doc_0320_chunk_1', 'doc_0451_chunk_1', 'doc_0999_chunk_1']",[],"['doc_0588_chunk_1', 'doc_0848_chunk_1', 'doc_0320_chunk_1', 'doc_0451_chunk_1', 'doc_0999_chunk_1']","The provided evidence does not include the “Architecture note: Auth / Data Pipeline / Recommendations / Playback API,” so I cannot determine the recommended mitigation approach.",0.5889451503753662,0.1333333333333333,0.4283332228660583
q_0013,Combine evidence from 'NA cdn_issue incident report (2026-06-24)' and 'Architecture note: Auth / Data Pipeline / Recommendations / Playback API'. What is the recommended mitigation approach?,"On 2026-06-24, the cdn_issue impacted the NA region with severity 4. Authentication tokens are validated before playback sessions are authorized.",hybrid,1,0.1666666666666666,"['doc_0588_chunk_1', 'doc_0848_chunk_1', 'doc_0320_chunk_1', 'doc_0451_chunk_1', 'doc_0999_chunk_1']",['doc_0889_chunk_2'],"['doc_0588_chunk_1', 'doc_0848_chunk_1', 'doc_0320_chunk_1', 'doc_0451_chunk_1', 'doc_0999_chunk_1', 'doc_0889_chunk_2']","The evidence does not provide a specific mitigation action. The incident report (2026‑06‑24) lists the symptoms and severity, and the architecture note is noted to “discuss common failure modes, safe mitigations, and verification steps,” but the exact mitigation steps are not included in the provided excerpts. Therefore, a concrete recommended mitigation approach cannot be determined from the available evidence.",0.779221773147583,0.1686746987951807,0.20741868019104
q_0013,Combine evidence from 'NA cdn_issue incident report (2026-06-24)' and 'Architecture note: Auth / Data Pipeline / Recommendations / Playback API'. What is the recommended mitigation approach?,"On 2026-06-24, the cdn_issue impacted the NA region with severity 4. Authentication tokens are validated before playback sessions are authorized.",hybrid,2,0.2857142857142857,"['doc_0588_chunk_1', 'doc_0848_chunk_1', 'doc_0320_chunk_1', 'doc_0451_chunk_1', 'doc_0999_chunk_1']","['doc_0511_chunk_2', 'doc_0600_chunk_1']","['doc_0588_chunk_1', 'doc_0848_chunk_1', 'doc_0320_chunk_1', 'doc_0451_chunk_1', 'doc_0999_chunk_1', 'doc_0511_chunk_2', 'doc_0600_chunk_1']","The provided evidence does not include any information from the “Architecture note: Auth / Data Pipeline / Recommendations / Playback API.” Therefore, I cannot determine the recommended mitigation approach from that source.",0.6571507453918457,0.1176470588235294,0.4506419897079468
q_0013,Combine evidence from 'NA cdn_issue incident report (2026-06-24)' and 'Architecture note: Auth / Data Pipeline / Recommendations / Playback API'. What is the recommended mitigation approach?,"On 2026-06-24, the cdn_issue impacted the NA region with severity 4. Authentication tokens are validated before playback sessions are authorized.",hybrid,4,0.4444444444444444,"['doc_0588_chunk_1', 'doc_0848_chunk_1', 'doc_0320_chunk_1', 'doc_0451_chunk_1', 'doc_0999_chunk_1']","['doc_0708_chunk_2', 'doc_0618_chunk_2', 'doc_0166_chunk_1', 'doc_0339_chunk_3']","['doc_0588_chunk_1', 'doc_0848_chunk_1', 'doc_0320_chunk_1', 'doc_0451_chunk_1', 'doc_0999_chunk_1', 'doc_0708_chunk_2', 'doc_0618_chunk_2', 'doc_0166_chunk_1', 'doc_0339_chunk_3']","**Recommended mitigation approach**

1. **Adjust CDN cache rules** – The architecture note states that “CDN cache rules affect hit ratio and latency during traffic bursts” (doc_0708_chunk_2). Tuning these rules can reduce buffering, retries, and error rates that were observed in the 2026‑06‑24 NA incident (doc_0588_chunk_1).

2. **Validate authentication tokens before playback** – The note also notes that “Authentication tokens are validated before playback sessions are authorized” (doc_0708_chunk_2). Ensuring this step is robust helps prevent unauthorized or mis‑routed traffic that can exacerbate CDN load.

3. **Implement safe rollouts** – The architecture guidance highlights “safe rollouts use canaries and staged deployments to prevent widespread regressions” (doc_0339_chunk_3). Deploying changes to CDN configuration or playback logic in a staged manner limits the impact of any new issue.

4. **Apply common failure‑mode mitigations and verification steps** – The note discusses “common failure modes, safe mitigations, and verification steps” (doc_0618_chunk_2). Following these steps (e.g., monitoring metrics, traces, and logs) provides early detection and confirmation that the mitigation is effective.

5. **Follow operational guidance for streaming systems** – The release note offers “operational guidance for streaming systems” (doc_0166_chunk_1), reinforcing the above practices.

By combining these actions—tuning CDN cache rules, validating tokens, using canary/staged deployments, and monitoring observability—you address the symptoms seen in the 2026‑06‑24 NA CDN incident while following the recommended mitigation strategy from the architecture note.",1.3044157028198242,0.1295546558704453,0.673954963684082
q_0014,"Based on the knowledge base, summarize the key point from: APAC payment_failure incident report (2026-09-07).",Initial triage reviewed dashboards and logs to reduce uncertainty,bm25,0,0.0,"['doc_0291_chunk_1', 'doc_0786_chunk_1', 'doc_0726_chunk_1', 'doc_0931_chunk_1', 'doc_0754_chunk_1']",[],"['doc_0291_chunk_1', 'doc_0786_chunk_1', 'doc_0726_chunk_1', 'doc_0931_chunk_1', 'doc_0754_chunk_1']","On 2026‑09‑07, a payment‑failure incident affected the APAC region with a severity level of 4, causing customers to experience buffering, retries, and elevated error rates.",0.4551689624786377,0.1081081081081081,0.196883276104927
q_0014,"Based on the knowledge base, summarize the key point from: APAC payment_failure incident report (2026-09-07).",Initial triage reviewed dashboards and logs to reduce uncertainty,bm25,1,0.1666666666666666,"['doc_0291_chunk_1', 'doc_0786_chunk_1', 'doc_0726_chunk_1', 'doc_0931_chunk_1', 'doc_0754_chunk_1']",['doc_0308_chunk_1'],"['doc_0291_chunk_1', 'doc_0786_chunk_1', 'doc_0726_chunk_1', 'doc_0931_chunk_1', 'doc_0754_chunk_1', 'doc_0308_chunk_1']","On 2026‑09‑07, a payment‑failure incident struck the APAC region with severity 4, causing customers to experience buffering, retries, and elevated error rates.",0.39473557472229,0.1176470588235294,0.1983053535223007
q_0014,"Based on the knowledge base, summarize the key point from: APAC payment_failure incident report (2026-09-07).",Initial triage reviewed dashboards and logs to reduce uncertainty,bm25,2,0.2857142857142857,"['doc_0291_chunk_1', 'doc_0786_chunk_1', 'doc_0726_chunk_1', 'doc_0931_chunk_1', 'doc_0754_chunk_1']","['doc_0088_chunk_2', 'doc_0462_chunk_3']","['doc_0291_chunk_1', 'doc_0786_chunk_1', 'doc_0726_chunk_1', 'doc_0931_chunk_1', 'doc_0754_chunk_1', 'doc_0088_chunk_2', 'doc_0462_chunk_3']","On 2026‑09‑07, a payment_failure event affected the APAC region with a severity rating of 4. Customers experienced buffering, retries, and elevated error rates.",0.4176692962646484,0.0588235294117647,0.1864403784275055
q_0014,"Based on the knowledge base, summarize the key point from: APAC payment_failure incident report (2026-09-07).",Initial triage reviewed dashboards and logs to reduce uncertainty,bm25,4,0.4444444444444444,"['doc_0291_chunk_1', 'doc_0786_chunk_1', 'doc_0726_chunk_1', 'doc_0931_chunk_1', 'doc_0754_chunk_1']","['doc_0029_chunk_3', 'doc_0805_chunk_2', 'doc_0758_chunk_1', 'doc_0315_chunk_2']","['doc_0291_chunk_1', 'doc_0786_chunk_1', 'doc_0726_chunk_1', 'doc_0931_chunk_1', 'doc_0754_chunk_1', 'doc_0029_chunk_3', 'doc_0805_chunk_2', 'doc_0758_chunk_1', 'doc_0315_chunk_2']","The APAC payment_failure incident on 2026‑09‑07 had a severity rating of 4, and customers reported buffering, retries, and elevated error rates.",0.5894513130187988,0.0625,0.1995073556900024
q_0014,"Based on the knowledge base, summarize the key point from: APAC payment_failure incident report (2026-09-07).",Initial triage reviewed dashboards and logs to reduce uncertainty,dense,0,0.0,"['doc_0570_chunk_1', 'doc_0931_chunk_1', 'doc_0754_chunk_1', 'doc_0640_chunk_1', 'doc_0291_chunk_1']",[],"['doc_0570_chunk_1', 'doc_0931_chunk_1', 'doc_0754_chunk_1', 'doc_0640_chunk_1', 'doc_0291_chunk_1']","The evidence provided does not contain any information about an APAC payment_failure incident report dated 2026‑09‑07. Therefore, I cannot summarize the key point for that specific report.",0.3934943675994873,0.0,0.1345602124929428
q_0014,"Based on the knowledge base, summarize the key point from: APAC payment_failure incident report (2026-09-07).",Initial triage reviewed dashboards and logs to reduce uncertainty,dense,1,0.1666666666666666,"['doc_0570_chunk_1', 'doc_0931_chunk_1', 'doc_0754_chunk_1', 'doc_0640_chunk_1', 'doc_0291_chunk_1']",['doc_0805_chunk_3'],"['doc_0570_chunk_1', 'doc_0931_chunk_1', 'doc_0754_chunk_1', 'doc_0640_chunk_1', 'doc_0291_chunk_1', 'doc_0805_chunk_3']","The evidence provided does not contain any information about an APAC payment_failure incident report dated 2026‑09‑07. Therefore, I cannot summarize the key point for that specific report.",0.4239611625671386,0.0,0.1345602124929428
q_0014,"Based on the knowledge base, summarize the key point from: APAC payment_failure incident report (2026-09-07).",Initial triage reviewed dashboards and logs to reduce uncertainty,dense,2,0.2857142857142857,"['doc_0570_chunk_1', 'doc_0931_chunk_1', 'doc_0754_chunk_1', 'doc_0640_chunk_1', 'doc_0291_chunk_1']","['doc_0302_chunk_1', 'doc_0010_chunk_3']","['doc_0570_chunk_1', 'doc_0931_chunk_1', 'doc_0754_chunk_1', 'doc_0640_chunk_1', 'doc_0291_chunk_1', 'doc_0302_chunk_1', 'doc_0010_chunk_3']","The evidence provided does not contain any information about an APAC payment_failure incident report dated 2026‑09‑07. Therefore, I cannot summarize the key point for that specific report.",0.3802058696746826,0.0,0.1345602124929428
q_0014,"Based on the knowledge base, summarize the key point from: APAC payment_failure incident report (2026-09-07).",Initial triage reviewed dashboards and logs to reduce uncertainty,dense,4,0.4444444444444444,"['doc_0570_chunk_1', 'doc_0931_chunk_1', 'doc_0754_chunk_1', 'doc_0640_chunk_1', 'doc_0291_chunk_1']","['doc_0097_chunk_3', 'doc_0969_chunk_1', 'doc_0863_chunk_3', 'doc_0081_chunk_2']","['doc_0570_chunk_1', 'doc_0931_chunk_1', 'doc_0754_chunk_1', 'doc_0640_chunk_1', 'doc_0291_chunk_1', 'doc_0097_chunk_3', 'doc_0969_chunk_1', 'doc_0863_chunk_3', 'doc_0081_chunk_2']","The evidence provided does not contain any information about an APAC payment_failure incident report dated 2026‑09‑07. Therefore, I cannot summarize the key point for that specific report.",0.4618215560913086,0.0,0.1345602124929428
q_0014,"Based on the knowledge base, summarize the key point from: APAC payment_failure incident report (2026-09-07).",Initial triage reviewed dashboards and logs to reduce uncertainty,hybrid,0,0.0,"['doc_0570_chunk_1', 'doc_0931_chunk_1', 'doc_0754_chunk_1', 'doc_0640_chunk_1', 'doc_0291_chunk_1']",[],"['doc_0570_chunk_1', 'doc_0931_chunk_1', 'doc_0754_chunk_1', 'doc_0640_chunk_1', 'doc_0291_chunk_1']","The evidence provided does not contain any information about an APAC payment_failure incident report dated 2026‑09‑07. Therefore, I cannot summarize the key point for that specific report.",0.389784574508667,0.0,0.1345602124929428
q_0014,"Based on the knowledge base, summarize the key point from: APAC payment_failure incident report (2026-09-07).",Initial triage reviewed dashboards and logs to reduce uncertainty,hybrid,1,0.1666666666666666,"['doc_0570_chunk_1', 'doc_0931_chunk_1', 'doc_0754_chunk_1', 'doc_0640_chunk_1', 'doc_0291_chunk_1']",['doc_0313_chunk_3'],"['doc_0570_chunk_1', 'doc_0931_chunk_1', 'doc_0754_chunk_1', 'doc_0640_chunk_1', 'doc_0291_chunk_1', 'doc_0313_chunk_3']","The evidence provided does not contain any information about an APAC payment_failure incident report dated 2026‑09‑07. Therefore, I cannot summarize the key point for that specific report.",0.4662337303161621,0.0,0.1345602124929428
q_0014,"Based on the knowledge base, summarize the key point from: APAC payment_failure incident report (2026-09-07).",Initial triage reviewed dashboards and logs to reduce uncertainty,hybrid,2,0.2857142857142857,"['doc_0570_chunk_1', 'doc_0931_chunk_1', 'doc_0754_chunk_1', 'doc_0640_chunk_1', 'doc_0291_chunk_1']","['doc_0093_chunk_1', 'doc_0043_chunk_3']","['doc_0570_chunk_1', 'doc_0931_chunk_1', 'doc_0754_chunk_1', 'doc_0640_chunk_1', 'doc_0291_chunk_1', 'doc_0093_chunk_1', 'doc_0043_chunk_3']","The evidence provided does not contain any information about an APAC payment_failure incident report dated 2026‑09‑07. Therefore, I cannot summarize the key point for that specific report.",0.1904597282409668,0.0,0.1345602124929428
q_0014,"Based on the knowledge base, summarize the key point from: APAC payment_failure incident report (2026-09-07).",Initial triage reviewed dashboards and logs to reduce uncertainty,hybrid,4,0.4444444444444444,"['doc_0570_chunk_1', 'doc_0931_chunk_1', 'doc_0754_chunk_1', 'doc_0640_chunk_1', 'doc_0291_chunk_1']","['doc_1176_chunk_2', 'doc_0452_chunk_2', 'doc_0097_chunk_3', 'doc_0703_chunk_3']","['doc_0570_chunk_1', 'doc_0931_chunk_1', 'doc_0754_chunk_1', 'doc_0640_chunk_1', 'doc_0291_chunk_1', 'doc_1176_chunk_2', 'doc_0452_chunk_2', 'doc_0097_chunk_3', 'doc_0703_chunk_3']","The evidence provided does not contain any information about an APAC payment_failure incident that occurred on 2026‑09‑07. Therefore, I cannot summarize the key point for that specific report.",0.4608039855957031,0.0,0.1469114124774933
q_0015,"Based on the knowledge base, summarize the key point from: APAC payment_failure incident report (2026-09-07).",Mitigation included rate_limit and validation via canary traffic,bm25,0,0.0,"['doc_0291_chunk_1', 'doc_0786_chunk_1', 'doc_0726_chunk_1', 'doc_0931_chunk_1', 'doc_0754_chunk_1']",[],"['doc_0291_chunk_1', 'doc_0786_chunk_1', 'doc_0726_chunk_1', 'doc_0931_chunk_1', 'doc_0754_chunk_1']","On 2026‑09‑07, a payment‑failure incident affected the APAC region with a severity level of 4, causing customers to experience buffering, retries, and elevated error rates.",0.713454008102417,0.0555555555555555,0.2700464725494385
q_0015,"Based on the knowledge base, summarize the key point from: APAC payment_failure incident report (2026-09-07).",Mitigation included rate_limit and validation via canary traffic,bm25,1,0.1666666666666666,"['doc_0291_chunk_1', 'doc_0786_chunk_1', 'doc_0726_chunk_1', 'doc_0931_chunk_1', 'doc_0754_chunk_1']",['doc_0326_chunk_1'],"['doc_0291_chunk_1', 'doc_0786_chunk_1', 'doc_0726_chunk_1', 'doc_0931_chunk_1', 'doc_0754_chunk_1', 'doc_0326_chunk_1']","On 2026‑09‑07, a severity 4 payment_failure impacted the APAC region, causing customers to experience buffering, retries, and elevated error rates.",0.4358234405517578,0.0666666666666666,0.2549436688423157
q_0015,"Based on the knowledge base, summarize the key point from: APAC payment_failure incident report (2026-09-07).",Mitigation included rate_limit and validation via canary traffic,bm25,2,0.2857142857142857,"['doc_0291_chunk_1', 'doc_0786_chunk_1', 'doc_0726_chunk_1', 'doc_0931_chunk_1', 'doc_0754_chunk_1']","['doc_0381_chunk_2', 'doc_0915_chunk_3']","['doc_0291_chunk_1', 'doc_0786_chunk_1', 'doc_0726_chunk_1', 'doc_0931_chunk_1', 'doc_0754_chunk_1', 'doc_0381_chunk_2', 'doc_0915_chunk_3']","The APAC payment_failure incident on **2026‑09‑07** was a **severity 4** event. Customers reported **buffering, retries, and elevated error rates**.",0.5625319480895996,0.0689655172413793,0.2440411746501922
q_0015,"Based on the knowledge base, summarize the key point from: APAC payment_failure incident report (2026-09-07).",Mitigation included rate_limit and validation via canary traffic,bm25,4,0.4444444444444444,"['doc_0291_chunk_1', 'doc_0786_chunk_1', 'doc_0726_chunk_1', 'doc_0931_chunk_1', 'doc_0754_chunk_1']","['doc_0664_chunk_1', 'doc_0293_chunk_3', 'doc_0737_chunk_3', 'doc_0181_chunk_2']","['doc_0291_chunk_1', 'doc_0786_chunk_1', 'doc_0726_chunk_1', 'doc_0931_chunk_1', 'doc_0754_chunk_1', 'doc_0664_chunk_1', 'doc_0293_chunk_3', 'doc_0737_chunk_3', 'doc_0181_chunk_2']","The 2026‑09‑07 APAC payment_failure incident was a severity 4 outage that caused customers to experience buffering, retries, and elevated error rates. Root‑cause analysis identified a **dependency_timeout** as the primary driver of the failure.",0.4669332504272461,0.0454545454545454,0.2474096268415451
q_0015,"Based on the knowledge base, summarize the key point from: APAC payment_failure incident report (2026-09-07).",Mitigation included rate_limit and validation via canary traffic,dense,0,0.0,"['doc_0570_chunk_1', 'doc_0931_chunk_1', 'doc_0754_chunk_1', 'doc_0640_chunk_1', 'doc_0291_chunk_1']",[],"['doc_0570_chunk_1', 'doc_0931_chunk_1', 'doc_0754_chunk_1', 'doc_0640_chunk_1', 'doc_0291_chunk_1']","The evidence provided does not contain any information about an APAC payment_failure incident report dated 2026‑09‑07. Therefore, I cannot summarize the key point for that specific report.",0.4749801158905029,0.0,0.1070450544357299
q_0015,"Based on the knowledge base, summarize the key point from: APAC payment_failure incident report (2026-09-07).",Mitigation included rate_limit and validation via canary traffic,dense,1,0.1666666666666666,"['doc_0570_chunk_1', 'doc_0931_chunk_1', 'doc_0754_chunk_1', 'doc_0640_chunk_1', 'doc_0291_chunk_1']",['doc_0990_chunk_1'],"['doc_0570_chunk_1', 'doc_0931_chunk_1', 'doc_0754_chunk_1', 'doc_0640_chunk_1', 'doc_0291_chunk_1', 'doc_0990_chunk_1']","The evidence provided does not contain any information about an APAC payment_failure incident report dated 2026‑09‑07. Therefore, I cannot summarize the key point for that specific report.",0.5111026763916016,0.0,0.1070450544357299
q_0015,"Based on the knowledge base, summarize the key point from: APAC payment_failure incident report (2026-09-07).",Mitigation included rate_limit and validation via canary traffic,dense,2,0.2857142857142857,"['doc_0570_chunk_1', 'doc_0931_chunk_1', 'doc_0754_chunk_1', 'doc_0640_chunk_1', 'doc_0291_chunk_1']","['doc_0781_chunk_3', 'doc_0789_chunk_1']","['doc_0570_chunk_1', 'doc_0931_chunk_1', 'doc_0754_chunk_1', 'doc_0640_chunk_1', 'doc_0291_chunk_1', 'doc_0781_chunk_3', 'doc_0789_chunk_1']","The evidence provided does not contain any information about an APAC payment_failure incident report dated 2026‑09‑07. Therefore, I cannot summarize the key point for that specific report.",0.6073079109191895,0.0,0.1070450544357299
q_0015,"Based on the knowledge base, summarize the key point from: APAC payment_failure incident report (2026-09-07).",Mitigation included rate_limit and validation via canary traffic,dense,4,0.4444444444444444,"['doc_0570_chunk_1', 'doc_0931_chunk_1', 'doc_0754_chunk_1', 'doc_0640_chunk_1', 'doc_0291_chunk_1']","['doc_0647_chunk_2', 'doc_0333_chunk_1', 'doc_1073_chunk_3', 'doc_0647_chunk_3']","['doc_0570_chunk_1', 'doc_0931_chunk_1', 'doc_0754_chunk_1', 'doc_0640_chunk_1', 'doc_0291_chunk_1', 'doc_0647_chunk_2', 'doc_0333_chunk_1', 'doc_1073_chunk_3', 'doc_0647_chunk_3']","The evidence provided does not contain any information about an APAC payment_failure incident report dated 2026‑09‑07. Therefore, I cannot summarize the key point for that specific report.",0.7807300090789795,0.0,0.1070450544357299
q_0015,"Based on the knowledge base, summarize the key point from: APAC payment_failure incident report (2026-09-07).",Mitigation included rate_limit and validation via canary traffic,hybrid,0,0.0,"['doc_0570_chunk_1', 'doc_0931_chunk_1', 'doc_0754_chunk_1', 'doc_0640_chunk_1', 'doc_0291_chunk_1']",[],"['doc_0570_chunk_1', 'doc_0931_chunk_1', 'doc_0754_chunk_1', 'doc_0640_chunk_1', 'doc_0291_chunk_1']","The evidence provided does not contain any information about an APAC payment_failure incident report dated 2026‑09‑07. Therefore, I cannot summarize the key point for that specific report.",0.4302899837493896,0.0,0.1070450544357299
q_0015,"Based on the knowledge base, summarize the key point from: APAC payment_failure incident report (2026-09-07).",Mitigation included rate_limit and validation via canary traffic,hybrid,1,0.1666666666666666,"['doc_0570_chunk_1', 'doc_0931_chunk_1', 'doc_0754_chunk_1', 'doc_0640_chunk_1', 'doc_0291_chunk_1']",['doc_1105_chunk_1'],"['doc_0570_chunk_1', 'doc_0931_chunk_1', 'doc_0754_chunk_1', 'doc_0640_chunk_1', 'doc_0291_chunk_1', 'doc_1105_chunk_1']","The evidence provided does not contain any information about an APAC payment_failure incident report dated 2026‑09‑07. Therefore, I cannot summarize the key point for that specific report.",0.3663372993469238,0.0,0.1070450544357299
q_0015,"Based on the knowledge base, summarize the key point from: APAC payment_failure incident report (2026-09-07).",Mitigation included rate_limit and validation via canary traffic,hybrid,2,0.2857142857142857,"['doc_0570_chunk_1', 'doc_0931_chunk_1', 'doc_0754_chunk_1', 'doc_0640_chunk_1', 'doc_0291_chunk_1']","['doc_0557_chunk_1', 'doc_0260_chunk_3']","['doc_0570_chunk_1', 'doc_0931_chunk_1', 'doc_0754_chunk_1', 'doc_0640_chunk_1', 'doc_0291_chunk_1', 'doc_0557_chunk_1', 'doc_0260_chunk_3']","The evidence provided does not contain any information about an APAC payment_failure incident report dated 2026‑09‑07. Therefore, I cannot summarize the key point for that specific report.",0.4641261100769043,0.0,0.1070450544357299
q_0015,"Based on the knowledge base, summarize the key point from: APAC payment_failure incident report (2026-09-07).",Mitigation included rate_limit and validation via canary traffic,hybrid,4,0.4444444444444444,"['doc_0570_chunk_1', 'doc_0931_chunk_1', 'doc_0754_chunk_1', 'doc_0640_chunk_1', 'doc_0291_chunk_1']","['doc_0129_chunk_3', 'doc_0133_chunk_2', 'doc_0902_chunk_1', 'doc_0590_chunk_1']","['doc_0570_chunk_1', 'doc_0931_chunk_1', 'doc_0754_chunk_1', 'doc_0640_chunk_1', 'doc_0291_chunk_1', 'doc_0129_chunk_3', 'doc_0133_chunk_2', 'doc_0902_chunk_1', 'doc_0590_chunk_1']","The evidence provided does not contain any information about an APAC payment_failure incident report dated 2026‑09‑07. Therefore, I cannot summarize the key point for that specific report.",0.5353782176971436,0.0,0.1070450544357299
q_0016,"According to the SLA policy, what is the acknowledge and mitigation target for Severity 4 incidents?","Acknowledge within 10 minutes, mitigation within 60 minutes.",bm25,0,0.0,"['doc_1013_chunk_2', 'doc_0782_chunk_2', 'doc_1058_chunk_2', 'doc_0760_chunk_2', 'doc_0012_chunk_2']",[],"['doc_1013_chunk_2', 'doc_0782_chunk_2', 'doc_1058_chunk_2', 'doc_0760_chunk_2', 'doc_0012_chunk_2']","According to the SLA policy, the target for Severity 4 incidents is to acknowledge the incident within **10 minutes** and to mitigate it within **60 minutes**.",0.3747150897979736,0.411764705882353,0.6579934358596802
q_0016,"According to the SLA policy, what is the acknowledge and mitigation target for Severity 4 incidents?","Acknowledge within 10 minutes, mitigation within 60 minutes.",bm25,1,0.1666666666666666,"['doc_1013_chunk_2', 'doc_0782_chunk_2', 'doc_1058_chunk_2', 'doc_0760_chunk_2', 'doc_0012_chunk_2']",['doc_0485_chunk_1'],"['doc_1013_chunk_2', 'doc_0782_chunk_2', 'doc_1058_chunk_2', 'doc_0760_chunk_2', 'doc_0012_chunk_2', 'doc_0485_chunk_1']","According to the SLA policy, the targets for Severity 4 incidents are:

- **Acknowledge:** within 10 minutes  
- **Mitigation:** within 60 minutes",0.3763570785522461,0.5714285714285715,0.5528098940849304
q_0016,"According to the SLA policy, what is the acknowledge and mitigation target for Severity 4 incidents?","Acknowledge within 10 minutes, mitigation within 60 minutes.",bm25,2,0.2857142857142857,"['doc_1013_chunk_2', 'doc_0782_chunk_2', 'doc_1058_chunk_2', 'doc_0760_chunk_2', 'doc_0012_chunk_2']","['doc_0579_chunk_2', 'doc_0562_chunk_2']","['doc_1013_chunk_2', 'doc_0782_chunk_2', 'doc_1058_chunk_2', 'doc_0760_chunk_2', 'doc_0012_chunk_2', 'doc_0579_chunk_2', 'doc_0562_chunk_2']","According to the SLA policy, the targets for Severity 4 incidents are:

- **Acknowledge:** within **10 minutes**  
- **Mitigation:** within **60 minutes**【doc_1013_chunk_2】【doc_0782_chunk_2】【doc_1058_chunk_2】【doc_0760_chunk_2】【doc_0012_chunk_2】",0.4508302211761474,0.4848484848484848,0.4529108703136444
q_0016,"According to the SLA policy, what is the acknowledge and mitigation target for Severity 4 incidents?","Acknowledge within 10 minutes, mitigation within 60 minutes.",bm25,4,0.4444444444444444,"['doc_1013_chunk_2', 'doc_0782_chunk_2', 'doc_1058_chunk_2', 'doc_0760_chunk_2', 'doc_0012_chunk_2']","['doc_0638_chunk_3', 'doc_1182_chunk_1', 'doc_0997_chunk_2', 'doc_0075_chunk_1']","['doc_1013_chunk_2', 'doc_0782_chunk_2', 'doc_1058_chunk_2', 'doc_0760_chunk_2', 'doc_0012_chunk_2', 'doc_0638_chunk_3', 'doc_1182_chunk_1', 'doc_0997_chunk_2', 'doc_0075_chunk_1']","According to the SLA policy, the target for a Severity 4 incident is to acknowledge the incident within **10 minutes** and to mitigate it within **60 minutes**.",0.4172935485839844,0.3999999999999999,0.6610358357429504
q_0016,"According to the SLA policy, what is the acknowledge and mitigation target for Severity 4 incidents?","Acknowledge within 10 minutes, mitigation within 60 minutes.",dense,0,0.0,"['doc_0035_chunk_1', 'doc_0026_chunk_1', 'doc_0025_chunk_1', 'doc_0023_chunk_1', 'doc_0017_chunk_1']",[],"['doc_0035_chunk_1', 'doc_0026_chunk_1', 'doc_0025_chunk_1', 'doc_0023_chunk_1', 'doc_0017_chunk_1']",The provided evidence does not contain any information about the acknowledge or mitigation targets for Severity 4 incidents.,0.3823213577270508,0.1538461538461538,0.2815423309803009
q_0016,"According to the SLA policy, what is the acknowledge and mitigation target for Severity 4 incidents?","Acknowledge within 10 minutes, mitigation within 60 minutes.",dense,1,0.1666666666666666,"['doc_0035_chunk_1', 'doc_0026_chunk_1', 'doc_0025_chunk_1', 'doc_0023_chunk_1', 'doc_0017_chunk_1']",['doc_0922_chunk_1'],"['doc_0035_chunk_1', 'doc_0026_chunk_1', 'doc_0025_chunk_1', 'doc_0023_chunk_1', 'doc_0017_chunk_1', 'doc_0922_chunk_1']","The provided evidence does not include any information about the acknowledge or mitigation targets for Severity 4 incidents. Therefore, I cannot answer the question based on the available evidence.",0.3808450698852539,0.1081081081081081,0.4438139796257019
q_0016,"According to the SLA policy, what is the acknowledge and mitigation target for Severity 4 incidents?","Acknowledge within 10 minutes, mitigation within 60 minutes.",dense,2,0.2857142857142857,"['doc_0035_chunk_1', 'doc_0026_chunk_1', 'doc_0025_chunk_1', 'doc_0023_chunk_1', 'doc_0017_chunk_1']","['doc_0894_chunk_3', 'doc_0884_chunk_3']","['doc_0035_chunk_1', 'doc_0026_chunk_1', 'doc_0025_chunk_1', 'doc_0023_chunk_1', 'doc_0017_chunk_1', 'doc_0894_chunk_3', 'doc_0884_chunk_3']",The provided evidence does not contain any information about the acknowledge or mitigation targets for Severity 4 incidents.,0.3305563926696777,0.1538461538461538,0.2815423309803009
q_0016,"According to the SLA policy, what is the acknowledge and mitigation target for Severity 4 incidents?","Acknowledge within 10 minutes, mitigation within 60 minutes.",dense,4,0.4444444444444444,"['doc_0035_chunk_1', 'doc_0026_chunk_1', 'doc_0025_chunk_1', 'doc_0023_chunk_1', 'doc_0017_chunk_1']","['doc_0137_chunk_1', 'doc_0085_chunk_2', 'doc_0552_chunk_2', 'doc_0996_chunk_3']","['doc_0035_chunk_1', 'doc_0026_chunk_1', 'doc_0025_chunk_1', 'doc_0023_chunk_1', 'doc_0017_chunk_1', 'doc_0137_chunk_1', 'doc_0085_chunk_2', 'doc_0552_chunk_2', 'doc_0996_chunk_3']","The provided evidence does not contain any information about the acknowledge and mitigation targets for Severity 4 incidents. Therefore, I cannot answer the question based on the available evidence.",0.3825957775115967,0.1081081081081081,0.4586759805679321
q_0016,"According to the SLA policy, what is the acknowledge and mitigation target for Severity 4 incidents?","Acknowledge within 10 minutes, mitigation within 60 minutes.",hybrid,0,0.0,"['doc_1100_chunk_2', 'doc_0224_chunk_2', 'doc_0026_chunk_2', 'doc_1169_chunk_2', 'doc_0509_chunk_2']",[],"['doc_1100_chunk_2', 'doc_0224_chunk_2', 'doc_0026_chunk_2', 'doc_1169_chunk_2', 'doc_0509_chunk_2']","According to the SLA policy, the target for Severity 4 incidents is to acknowledge the incident within **10 minutes** and to mitigate it within **60 minutes**.",0.3955755233764648,0.411764705882353,0.6579934358596802
q_0016,"According to the SLA policy, what is the acknowledge and mitigation target for Severity 4 incidents?","Acknowledge within 10 minutes, mitigation within 60 minutes.",hybrid,1,0.1666666666666666,"['doc_1100_chunk_2', 'doc_0224_chunk_2', 'doc_0026_chunk_2', 'doc_1169_chunk_2', 'doc_0509_chunk_2']",['doc_0464_chunk_3'],"['doc_1100_chunk_2', 'doc_0224_chunk_2', 'doc_0026_chunk_2', 'doc_1169_chunk_2', 'doc_0509_chunk_2', 'doc_0464_chunk_3']","According to the SLA policy, the targets for Severity 4 incidents are:

- **Acknowledge:** within 10 minutes  
- **Mitigation:** within 60 minutes【doc_1100_chunk_2】【doc_0224_chunk_2】【doc_0026_chunk_2】【doc_1169_chunk_2】【doc_0509_chunk_2】",0.4224133491516113,0.4848484848484848,0.4459812045097351
q_0016,"According to the SLA policy, what is the acknowledge and mitigation target for Severity 4 incidents?","Acknowledge within 10 minutes, mitigation within 60 minutes.",hybrid,2,0.2857142857142857,"['doc_1100_chunk_2', 'doc_0224_chunk_2', 'doc_0026_chunk_2', 'doc_1169_chunk_2', 'doc_0509_chunk_2']","['doc_1095_chunk_1', 'doc_1179_chunk_1']","['doc_1100_chunk_2', 'doc_0224_chunk_2', 'doc_0026_chunk_2', 'doc_1169_chunk_2', 'doc_0509_chunk_2', 'doc_1095_chunk_1', 'doc_1179_chunk_1']","According to the SLA policy, Severity 4 incidents must be acknowledged within **10 minutes** and mitigated within **60 minutes**.",0.4527297019958496,0.4444444444444443,0.6382924318313599
q_0016,"According to the SLA policy, what is the acknowledge and mitigation target for Severity 4 incidents?","Acknowledge within 10 minutes, mitigation within 60 minutes.",hybrid,4,0.4444444444444444,"['doc_1100_chunk_2', 'doc_0224_chunk_2', 'doc_0026_chunk_2', 'doc_1169_chunk_2', 'doc_0509_chunk_2']","['doc_0150_chunk_2', 'doc_0341_chunk_1', 'doc_0263_chunk_1', 'doc_0261_chunk_2']","['doc_1100_chunk_2', 'doc_0224_chunk_2', 'doc_0026_chunk_2', 'doc_1169_chunk_2', 'doc_0509_chunk_2', 'doc_0150_chunk_2', 'doc_0341_chunk_1', 'doc_0263_chunk_1', 'doc_0261_chunk_2']","According to the SLA policy, for Severity 4 incidents the targets are:

* **Acknowledge:** within **10 minutes**  
* **Mitigation:** within **60 minutes**【doc_1100_chunk_2】【doc_0224_chunk_2】【doc_0026_chunk_2】【doc_1169_chunk_2】【doc_0509_chunk_2】",0.2638187408447265,0.4848484848484848,0.4708970189094543
q_0017,"Based on the knowledge base, summarize the key point from: LATAM suspicious_activity incident report (2024-03-17).","On 2024-03-17, the suspicious_activity impacted the LATAM region with severity 3",bm25,0,0.0,"['doc_0930_chunk_1', 'doc_0721_chunk_1', 'doc_0310_chunk_1', 'doc_1095_chunk_1', 'doc_0644_chunk_1']",[],"['doc_0930_chunk_1', 'doc_0721_chunk_1', 'doc_0310_chunk_1', 'doc_1095_chunk_1', 'doc_0644_chunk_1']","On 2024‑03‑17, a suspicious activity incident affected the LATAM region with a severity rating of 3, causing customers to experience buffering, retries, and elevated error rates.",0.508432149887085,0.4878048780487805,0.8262559771537781
q_0017,"Based on the knowledge base, summarize the key point from: LATAM suspicious_activity incident report (2024-03-17).","On 2024-03-17, the suspicious_activity impacted the LATAM region with severity 3",bm25,1,0.1666666666666666,"['doc_0930_chunk_1', 'doc_0721_chunk_1', 'doc_0310_chunk_1', 'doc_1095_chunk_1', 'doc_0644_chunk_1']",['doc_0734_chunk_1'],"['doc_0930_chunk_1', 'doc_0721_chunk_1', 'doc_0310_chunk_1', 'doc_1095_chunk_1', 'doc_0644_chunk_1', 'doc_0734_chunk_1']","The 2024‑03‑17 incident involved suspicious activity in the LATAM region, rated severity 3, and caused customers to experience buffering, retries, and elevated error rates.",0.4487326145172119,0.4615384615384615,0.8053815960884094
q_0017,"Based on the knowledge base, summarize the key point from: LATAM suspicious_activity incident report (2024-03-17).","On 2024-03-17, the suspicious_activity impacted the LATAM region with severity 3",bm25,2,0.2857142857142857,"['doc_0930_chunk_1', 'doc_0721_chunk_1', 'doc_0310_chunk_1', 'doc_1095_chunk_1', 'doc_0644_chunk_1']","['doc_0613_chunk_3', 'doc_0192_chunk_2']","['doc_0930_chunk_1', 'doc_0721_chunk_1', 'doc_0310_chunk_1', 'doc_1095_chunk_1', 'doc_0644_chunk_1', 'doc_0613_chunk_3', 'doc_0192_chunk_2']","On 2024‑03‑17, a suspicious activity event affected the LATAM region with a severity 3 rating, causing customers to experience buffering, retries, and elevated error rates.",0.3014101982116699,0.5,0.8348338603973389
q_0017,"Based on the knowledge base, summarize the key point from: LATAM suspicious_activity incident report (2024-03-17).","On 2024-03-17, the suspicious_activity impacted the LATAM region with severity 3",bm25,4,0.4444444444444444,"['doc_0930_chunk_1', 'doc_0721_chunk_1', 'doc_0310_chunk_1', 'doc_1095_chunk_1', 'doc_0644_chunk_1']","['doc_0577_chunk_2', 'doc_0251_chunk_2', 'doc_0381_chunk_2', 'doc_0632_chunk_3']","['doc_0930_chunk_1', 'doc_0721_chunk_1', 'doc_0310_chunk_1', 'doc_1095_chunk_1', 'doc_0644_chunk_1', 'doc_0577_chunk_2', 'doc_0251_chunk_2', 'doc_0381_chunk_2', 'doc_0632_chunk_3']","The 2024‑03‑17 LATAM suspicious_activity incident was a severity 3 event that caused customers to experience buffering, retries, and elevated error rates. Root‑cause analysis identified capacity saturation as the primary driver of the incident.",0.7137553691864014,0.3673469387755102,0.7711797952651978
q_0017,"Based on the knowledge base, summarize the key point from: LATAM suspicious_activity incident report (2024-03-17).","On 2024-03-17, the suspicious_activity impacted the LATAM region with severity 3",dense,0,0.0,"['doc_1095_chunk_1', 'doc_0930_chunk_1', 'doc_0721_chunk_1', 'doc_0310_chunk_1', 'doc_0644_chunk_1']",[],"['doc_1095_chunk_1', 'doc_0930_chunk_1', 'doc_0721_chunk_1', 'doc_0310_chunk_1', 'doc_0644_chunk_1']","The 2024‑03‑17 incident was a suspicious activity event in the LATAM region that was rated **severity 3**. Customers reported **buffering, retries, and elevated error rates**.",0.2667713165283203,0.45,0.7975021004676819
q_0017,"Based on the knowledge base, summarize the key point from: LATAM suspicious_activity incident report (2024-03-17).","On 2024-03-17, the suspicious_activity impacted the LATAM region with severity 3",dense,1,0.1666666666666666,"['doc_1095_chunk_1', 'doc_0930_chunk_1', 'doc_0721_chunk_1', 'doc_0310_chunk_1', 'doc_0644_chunk_1']",['doc_0342_chunk_2'],"['doc_1095_chunk_1', 'doc_0930_chunk_1', 'doc_0721_chunk_1', 'doc_0310_chunk_1', 'doc_0644_chunk_1', 'doc_0342_chunk_2']","On 2024‑03‑17 the LATAM region experienced a suspicious‑activity incident rated severity 3. Customers reported buffering, retries, and elevated error rates. The root‑cause analysis identified **config_drift** as the primary driver of the incident.",0.5721166133880615,0.4081632653061224,0.8081225156784058
q_0017,"Based on the knowledge base, summarize the key point from: LATAM suspicious_activity incident report (2024-03-17).","On 2024-03-17, the suspicious_activity impacted the LATAM region with severity 3",dense,2,0.2857142857142857,"['doc_1095_chunk_1', 'doc_0930_chunk_1', 'doc_0721_chunk_1', 'doc_0310_chunk_1', 'doc_0644_chunk_1']","['doc_1196_chunk_2', 'doc_0103_chunk_3']","['doc_1095_chunk_1', 'doc_0930_chunk_1', 'doc_0721_chunk_1', 'doc_0310_chunk_1', 'doc_0644_chunk_1', 'doc_1196_chunk_2', 'doc_0103_chunk_3']","On 2024‑03‑17, a suspicious activity incident affected the LATAM region with a severity 3 rating, causing customers to experience buffering, retries, and elevated error rates.",0.4668097496032715,0.5,0.8128652572631836
q_0017,"Based on the knowledge base, summarize the key point from: LATAM suspicious_activity incident report (2024-03-17).","On 2024-03-17, the suspicious_activity impacted the LATAM region with severity 3",dense,4,0.4444444444444444,"['doc_1095_chunk_1', 'doc_0930_chunk_1', 'doc_0721_chunk_1', 'doc_0310_chunk_1', 'doc_0644_chunk_1']","['doc_0606_chunk_2', 'doc_1105_chunk_3', 'doc_1178_chunk_3', 'doc_1171_chunk_2']","['doc_1095_chunk_1', 'doc_0930_chunk_1', 'doc_0721_chunk_1', 'doc_0310_chunk_1', 'doc_0644_chunk_1', 'doc_0606_chunk_2', 'doc_1105_chunk_3', 'doc_1178_chunk_3', 'doc_1171_chunk_2']","The 2024‑03‑17 incident was a suspicious activity that impacted the LATAM region with a severity rating of 3. Customers experienced buffering, retries, and elevated error rates.",0.4505729675292969,0.5365853658536585,0.8447811603546143
q_0017,"Based on the knowledge base, summarize the key point from: LATAM suspicious_activity incident report (2024-03-17).","On 2024-03-17, the suspicious_activity impacted the LATAM region with severity 3",hybrid,0,0.0,"['doc_1095_chunk_1', 'doc_0930_chunk_1', 'doc_0721_chunk_1', 'doc_0310_chunk_1', 'doc_0644_chunk_1']",[],"['doc_1095_chunk_1', 'doc_0930_chunk_1', 'doc_0721_chunk_1', 'doc_0310_chunk_1', 'doc_0644_chunk_1']","The 2024‑03‑17 incident was a suspicious activity event in the LATAM region that was rated **severity 3**. Customers reported **buffering, retries, and elevated error rates**.",0.4717748165130615,0.45,0.7975021004676819
q_0017,"Based on the knowledge base, summarize the key point from: LATAM suspicious_activity incident report (2024-03-17).","On 2024-03-17, the suspicious_activity impacted the LATAM region with severity 3",hybrid,1,0.1666666666666666,"['doc_1095_chunk_1', 'doc_0930_chunk_1', 'doc_0721_chunk_1', 'doc_0310_chunk_1', 'doc_0644_chunk_1']",['doc_0753_chunk_2'],"['doc_1095_chunk_1', 'doc_0930_chunk_1', 'doc_0721_chunk_1', 'doc_0310_chunk_1', 'doc_0644_chunk_1', 'doc_0753_chunk_2']","The 2024‑03‑17 incident was a suspicious activity event in the LATAM region that was rated severity 3. Customers reported buffering, retries, and elevated error rates.",0.6110537052154541,0.45,0.8286452293395996
q_0017,"Based on the knowledge base, summarize the key point from: LATAM suspicious_activity incident report (2024-03-17).","On 2024-03-17, the suspicious_activity impacted the LATAM region with severity 3",hybrid,2,0.2857142857142857,"['doc_1095_chunk_1', 'doc_0930_chunk_1', 'doc_0721_chunk_1', 'doc_0310_chunk_1', 'doc_0644_chunk_1']","['doc_0134_chunk_3', 'doc_0070_chunk_1']","['doc_1095_chunk_1', 'doc_0930_chunk_1', 'doc_0721_chunk_1', 'doc_0310_chunk_1', 'doc_0644_chunk_1', 'doc_0134_chunk_3', 'doc_0070_chunk_1']","On 2024‑03‑17 a **severity 3** suspicious‑activity incident affected the LATAM region, causing customers to experience **buffering, retries, and elevated error rates**.",0.4983823299407959,0.4864864864864864,0.830578088760376
q_0017,"Based on the knowledge base, summarize the key point from: LATAM suspicious_activity incident report (2024-03-17).","On 2024-03-17, the suspicious_activity impacted the LATAM region with severity 3",hybrid,4,0.4444444444444444,"['doc_1095_chunk_1', 'doc_0930_chunk_1', 'doc_0721_chunk_1', 'doc_0310_chunk_1', 'doc_0644_chunk_1']","['doc_0892_chunk_2', 'doc_0740_chunk_1', 'doc_1144_chunk_1', 'doc_0021_chunk_1']","['doc_1095_chunk_1', 'doc_0930_chunk_1', 'doc_0721_chunk_1', 'doc_0310_chunk_1', 'doc_0644_chunk_1', 'doc_0892_chunk_2', 'doc_0740_chunk_1', 'doc_1144_chunk_1', 'doc_0021_chunk_1']","On 2024‑03‑17 a **severity 3** suspicious‑activity incident affected the LATAM region, causing customers to experience **buffering, retries, and elevated error rates**.",0.5916495323181152,0.4864864864864864,0.830578088760376
q_0018,Combine evidence from 'APAC cdn_issue incident report (2025-03-06)' and 'Security advisory: credential stuffing patterns'. What is the recommended mitigation approach?,Initial triage reviewed dashboards and logs to reduce uncertainty. This advisory describes recurring patterns of credential stuffing.,bm25,0,0.0,"['doc_0733_chunk_1', 'doc_0526_chunk_1', 'doc_0481_chunk_1', 'doc_0683_chunk_1', 'doc_0999_chunk_1']",[],"['doc_0733_chunk_1', 'doc_0526_chunk_1', 'doc_0481_chunk_1', 'doc_0683_chunk_1', 'doc_0999_chunk_1']","The provided evidence does not contain any information about the APAC CDN issue incident report dated 2025‑03‑06 or about the security advisory on credential‑stuffing patterns. Therefore, I cannot determine a recommended mitigation approach from the given sources.",0.9683289527893066,0.1403508771929824,0.4269993603229522
q_0018,Combine evidence from 'APAC cdn_issue incident report (2025-03-06)' and 'Security advisory: credential stuffing patterns'. What is the recommended mitigation approach?,Initial triage reviewed dashboards and logs to reduce uncertainty. This advisory describes recurring patterns of credential stuffing.,bm25,1,0.1666666666666666,"['doc_0733_chunk_1', 'doc_0526_chunk_1', 'doc_0481_chunk_1', 'doc_0683_chunk_1', 'doc_0999_chunk_1']",['doc_0128_chunk_2'],"['doc_0733_chunk_1', 'doc_0526_chunk_1', 'doc_0481_chunk_1', 'doc_0683_chunk_1', 'doc_0999_chunk_1', 'doc_0128_chunk_2']","The evidence provided does not contain any information about the APAC CDN issue incident report dated 2025‑03‑06 or about the security advisory on credential‑stuffing patterns. Therefore, I cannot determine a recommended mitigation approach from the given sources.",0.4825294017791748,0.1403508771929824,0.4370357990264892
q_0018,Combine evidence from 'APAC cdn_issue incident report (2025-03-06)' and 'Security advisory: credential stuffing patterns'. What is the recommended mitigation approach?,Initial triage reviewed dashboards and logs to reduce uncertainty. This advisory describes recurring patterns of credential stuffing.,bm25,2,0.2857142857142857,"['doc_0733_chunk_1', 'doc_0526_chunk_1', 'doc_0481_chunk_1', 'doc_0683_chunk_1', 'doc_0999_chunk_1']","['doc_1031_chunk_2', 'doc_1161_chunk_2']","['doc_0733_chunk_1', 'doc_0526_chunk_1', 'doc_0481_chunk_1', 'doc_0683_chunk_1', 'doc_0999_chunk_1', 'doc_1031_chunk_2', 'doc_1161_chunk_2']","The evidence provided does not contain any information about the APAC CDN issue incident report dated 2025‑03‑06 or about the security advisory on credential‑stuffing patterns. Therefore, I cannot determine a recommended mitigation approach from the supplied sources.",0.5231635570526123,0.1403508771929824,0.4368254840373993
q_0018,Combine evidence from 'APAC cdn_issue incident report (2025-03-06)' and 'Security advisory: credential stuffing patterns'. What is the recommended mitigation approach?,Initial triage reviewed dashboards and logs to reduce uncertainty. This advisory describes recurring patterns of credential stuffing.,bm25,4,0.4444444444444444,"['doc_0733_chunk_1', 'doc_0526_chunk_1', 'doc_0481_chunk_1', 'doc_0683_chunk_1', 'doc_0999_chunk_1']","['doc_0323_chunk_3', 'doc_0228_chunk_1', 'doc_0556_chunk_2', 'doc_0664_chunk_3']","['doc_0733_chunk_1', 'doc_0526_chunk_1', 'doc_0481_chunk_1', 'doc_0683_chunk_1', 'doc_0999_chunk_1', 'doc_0323_chunk_3', 'doc_0228_chunk_1', 'doc_0556_chunk_2', 'doc_0664_chunk_3']","The evidence provided does not contain any information about the “APAC cdn_issue incident report (2025‑03‑06)” or about a “Security advisory: credential stuffing patterns.” Therefore, I cannot determine a recommended mitigation approach from the supplied sources.",0.4789686203002929,0.1481481481481481,0.4198088645935058
q_0018,Combine evidence from 'APAC cdn_issue incident report (2025-03-06)' and 'Security advisory: credential stuffing patterns'. What is the recommended mitigation approach?,Initial triage reviewed dashboards and logs to reduce uncertainty. This advisory describes recurring patterns of credential stuffing.,dense,0,0.0,"['doc_0874_chunk_1', 'doc_0263_chunk_1', 'doc_0216_chunk_1', 'doc_0173_chunk_1', 'doc_0033_chunk_1']",[],"['doc_0874_chunk_1', 'doc_0263_chunk_1', 'doc_0216_chunk_1', 'doc_0173_chunk_1', 'doc_0033_chunk_1']","The provided evidence does not include any specific mitigation recommendations for either the CDN issue or the credential‑stuffing patterns. Therefore, I cannot provide a recommended mitigation approach based on the information given.",0.4519648551940918,0.12,0.520729660987854
q_0018,Combine evidence from 'APAC cdn_issue incident report (2025-03-06)' and 'Security advisory: credential stuffing patterns'. What is the recommended mitigation approach?,Initial triage reviewed dashboards and logs to reduce uncertainty. This advisory describes recurring patterns of credential stuffing.,dense,1,0.1666666666666666,"['doc_0874_chunk_1', 'doc_0263_chunk_1', 'doc_0216_chunk_1', 'doc_0173_chunk_1', 'doc_0033_chunk_1']",['doc_0659_chunk_2'],"['doc_0874_chunk_1', 'doc_0263_chunk_1', 'doc_0216_chunk_1', 'doc_0173_chunk_1', 'doc_0033_chunk_1', 'doc_0659_chunk_2']","The advisory notes that it “discusses common failure modes, safe mitigations, and verification steps.”  Therefore, the recommended mitigation approach is to follow the safe‑mitigation procedures and verification steps outlined in that advisory.",0.7622709274291992,0.12,0.3484135866165161
q_0018,Combine evidence from 'APAC cdn_issue incident report (2025-03-06)' and 'Security advisory: credential stuffing patterns'. What is the recommended mitigation approach?,Initial triage reviewed dashboards and logs to reduce uncertainty. This advisory describes recurring patterns of credential stuffing.,dense,2,0.2857142857142857,"['doc_0874_chunk_1', 'doc_0263_chunk_1', 'doc_0216_chunk_1', 'doc_0173_chunk_1', 'doc_0033_chunk_1']","['doc_0294_chunk_1', 'doc_1183_chunk_1']","['doc_0874_chunk_1', 'doc_0263_chunk_1', 'doc_0216_chunk_1', 'doc_0173_chunk_1', 'doc_0033_chunk_1', 'doc_0294_chunk_1', 'doc_1183_chunk_1']","The provided documents do not contain any explicit recommendation for a mitigation approach that combines the CDN issue details with the credential‑stuffing patterns. Therefore, there is insufficient evidence to answer the question.",0.5189037322998047,0.16,0.4908427596092224
q_0018,Combine evidence from 'APAC cdn_issue incident report (2025-03-06)' and 'Security advisory: credential stuffing patterns'. What is the recommended mitigation approach?,Initial triage reviewed dashboards and logs to reduce uncertainty. This advisory describes recurring patterns of credential stuffing.,dense,4,0.4444444444444444,"['doc_0874_chunk_1', 'doc_0263_chunk_1', 'doc_0216_chunk_1', 'doc_0173_chunk_1', 'doc_0033_chunk_1']","['doc_0549_chunk_3', 'doc_0081_chunk_2', 'doc_0226_chunk_3', 'doc_0519_chunk_3']","['doc_0874_chunk_1', 'doc_0263_chunk_1', 'doc_0216_chunk_1', 'doc_0173_chunk_1', 'doc_0033_chunk_1', 'doc_0549_chunk_3', 'doc_0081_chunk_2', 'doc_0226_chunk_3', 'doc_0519_chunk_3']","**Recommended mitigation approach**

1. **Apply safe mitigations and verification steps** – Use the mitigation guidance from the credential‑stuffing advisory (e.g., rate‑limit repeated logins, check for distributed IPs and abnormal device fingerprints, and validate tokens/auth pipelines).  
2. **Avoid blind restarts** – If there is evidence of token validation or auth‑pipeline compromise, do not restart services without first verifying the root cause (see doc_0549_chunk_3).  
3. **Use canary checks and reversible actions** – After making changes, run canary tests and prefer reversible changes under high uncertainty (doc_0226_chunk_3).  
4. **Document and communicate** – Record the outcomes of the mitigation steps and share a concise incident summary with stakeholders (doc_0226_chunk_3).  
5. **Escalate if suspicious activity is confirmed** – If credential‑stuffing patterns are detected, trigger a security escalation (doc_0519_chunk_3).  

*Note:* The APAC CDN issue on 2025‑03‑06 was severity 3, so customer notification is not required, but the above mitigation steps should still be followed to address any potential credential‑stuffing activity that may be linked to the incident.",1.3904671669006348,0.0879120879120879,0.5757285356521606
q_0018,Combine evidence from 'APAC cdn_issue incident report (2025-03-06)' and 'Security advisory: credential stuffing patterns'. What is the recommended mitigation approach?,Initial triage reviewed dashboards and logs to reduce uncertainty. This advisory describes recurring patterns of credential stuffing.,hybrid,0,0.0,"['doc_0874_chunk_1', 'doc_0263_chunk_1', 'doc_0216_chunk_1', 'doc_0173_chunk_1', 'doc_0588_chunk_1']",[],"['doc_0874_chunk_1', 'doc_0263_chunk_1', 'doc_0216_chunk_1', 'doc_0173_chunk_1', 'doc_0588_chunk_1']","The provided evidence does not include any information from the “Security advisory: credential stuffing patterns.” Therefore, I cannot determine a recommended mitigation approach that combines the CDN incident report with that advisory.",0.4536778926849365,0.1632653061224489,0.5154516100883484
q_0018,Combine evidence from 'APAC cdn_issue incident report (2025-03-06)' and 'Security advisory: credential stuffing patterns'. What is the recommended mitigation approach?,Initial triage reviewed dashboards and logs to reduce uncertainty. This advisory describes recurring patterns of credential stuffing.,hybrid,1,0.1666666666666666,"['doc_0874_chunk_1', 'doc_0263_chunk_1', 'doc_0216_chunk_1', 'doc_0173_chunk_1', 'doc_0588_chunk_1']",['doc_0003_chunk_3'],"['doc_0874_chunk_1', 'doc_0263_chunk_1', 'doc_0216_chunk_1', 'doc_0173_chunk_1', 'doc_0588_chunk_1', 'doc_0003_chunk_3']","I’m sorry, but the provided evidence does not include any information about the “Security advisory: credential stuffing patterns,” so I can’t combine it with the APAC CDN issue report to give a recommended mitigation approach.",0.5780813694000244,0.1851851851851851,0.5124063491821289
q_0018,Combine evidence from 'APAC cdn_issue incident report (2025-03-06)' and 'Security advisory: credential stuffing patterns'. What is the recommended mitigation approach?,Initial triage reviewed dashboards and logs to reduce uncertainty. This advisory describes recurring patterns of credential stuffing.,hybrid,2,0.2857142857142857,"['doc_0874_chunk_1', 'doc_0263_chunk_1', 'doc_0216_chunk_1', 'doc_0173_chunk_1', 'doc_0588_chunk_1']","['doc_0535_chunk_1', 'doc_0364_chunk_1']","['doc_0874_chunk_1', 'doc_0263_chunk_1', 'doc_0216_chunk_1', 'doc_0173_chunk_1', 'doc_0588_chunk_1', 'doc_0535_chunk_1', 'doc_0364_chunk_1']","The provided evidence does not contain any information about a recommended mitigation approach from the “Security advisory: credential stuffing patterns.” Therefore, I cannot provide a combined mitigation recommendation.",0.8556630611419678,0.1777777777777777,0.6390591859817505
q_0018,Combine evidence from 'APAC cdn_issue incident report (2025-03-06)' and 'Security advisory: credential stuffing patterns'. What is the recommended mitigation approach?,Initial triage reviewed dashboards and logs to reduce uncertainty. This advisory describes recurring patterns of credential stuffing.,hybrid,4,0.4444444444444444,"['doc_0874_chunk_1', 'doc_0263_chunk_1', 'doc_0216_chunk_1', 'doc_0173_chunk_1', 'doc_0588_chunk_1']","['doc_1073_chunk_1', 'doc_1074_chunk_2', 'doc_0623_chunk_2', 'doc_0391_chunk_2']","['doc_0874_chunk_1', 'doc_0263_chunk_1', 'doc_0216_chunk_1', 'doc_0173_chunk_1', 'doc_0588_chunk_1', 'doc_1073_chunk_1', 'doc_1074_chunk_2', 'doc_0623_chunk_2', 'doc_0391_chunk_2']","The provided evidence does not contain any information about the “Security advisory: credential stuffing patterns.” Therefore, I cannot combine it with the APAC CDN issue report to recommend a mitigation approach.",0.528207540512085,0.2083333333333333,0.5116709470748901
q_0019,"According to the SLA policy, what is the acknowledge and mitigation target for Severity 4 incidents?","Acknowledge within 10 minutes, mitigation within 60 minutes.",bm25,0,0.0,"['doc_1013_chunk_2', 'doc_0782_chunk_2', 'doc_1058_chunk_2', 'doc_0760_chunk_2', 'doc_0012_chunk_2']",[],"['doc_1013_chunk_2', 'doc_0782_chunk_2', 'doc_1058_chunk_2', 'doc_0760_chunk_2', 'doc_0012_chunk_2']","According to the SLA policy, the target for Severity 4 incidents is to acknowledge the incident within **10 minutes** and to mitigate it within **60 minutes**.",0.3738565444946289,0.411764705882353,0.6579934358596802
q_0019,"According to the SLA policy, what is the acknowledge and mitigation target for Severity 4 incidents?","Acknowledge within 10 minutes, mitigation within 60 minutes.",bm25,1,0.1666666666666666,"['doc_1013_chunk_2', 'doc_0782_chunk_2', 'doc_1058_chunk_2', 'doc_0760_chunk_2', 'doc_0012_chunk_2']",['doc_0578_chunk_3'],"['doc_1013_chunk_2', 'doc_0782_chunk_2', 'doc_1058_chunk_2', 'doc_0760_chunk_2', 'doc_0012_chunk_2', 'doc_0578_chunk_3']","According to the SLA policy, the target for Severity 4 incidents is to acknowledge the incident within **10 minutes** and to achieve mitigation within **60 minutes**.",0.1645913124084472,0.4705882352941176,0.6595745086669922
q_0019,"According to the SLA policy, what is the acknowledge and mitigation target for Severity 4 incidents?","Acknowledge within 10 minutes, mitigation within 60 minutes.",bm25,2,0.2857142857142857,"['doc_1013_chunk_2', 'doc_0782_chunk_2', 'doc_1058_chunk_2', 'doc_0760_chunk_2', 'doc_0012_chunk_2']","['doc_0953_chunk_1', 'doc_0999_chunk_2']","['doc_1013_chunk_2', 'doc_0782_chunk_2', 'doc_1058_chunk_2', 'doc_0760_chunk_2', 'doc_0012_chunk_2', 'doc_0953_chunk_1', 'doc_0999_chunk_2']","According to the SLA policy, the targets for Severity 4 incidents are:

- **Acknowledge:** within 10 minutes  
- **Mitigation:** within 60 minutes",0.3813192844390869,0.5714285714285715,0.5528098940849304
q_0019,"According to the SLA policy, what is the acknowledge and mitigation target for Severity 4 incidents?","Acknowledge within 10 minutes, mitigation within 60 minutes.",bm25,4,0.4444444444444444,"['doc_1013_chunk_2', 'doc_0782_chunk_2', 'doc_1058_chunk_2', 'doc_0760_chunk_2', 'doc_0012_chunk_2']","['doc_1072_chunk_1', 'doc_0760_chunk_1', 'doc_0905_chunk_3', 'doc_0982_chunk_3']","['doc_1013_chunk_2', 'doc_0782_chunk_2', 'doc_1058_chunk_2', 'doc_0760_chunk_2', 'doc_0012_chunk_2', 'doc_1072_chunk_1', 'doc_0760_chunk_1', 'doc_0905_chunk_3', 'doc_0982_chunk_3']","According to the SLA policy, the targets for a Severity 4 incident are:

- **Acknowledge:** within **10 minutes**  
- **Mitigation:** within **60 minutes**【doc_1013_chunk_2】【doc_0782_chunk_2】【doc_1058_chunk_2】【doc_0760_chunk_2】【doc_0012_chunk_2】",0.2751250267028808,0.4705882352941176,0.4602304995059967
q_0019,"According to the SLA policy, what is the acknowledge and mitigation target for Severity 4 incidents?","Acknowledge within 10 minutes, mitigation within 60 minutes.",dense,0,0.0,"['doc_0035_chunk_1', 'doc_0026_chunk_1', 'doc_0025_chunk_1', 'doc_0023_chunk_1', 'doc_0017_chunk_1']",[],"['doc_0035_chunk_1', 'doc_0026_chunk_1', 'doc_0025_chunk_1', 'doc_0023_chunk_1', 'doc_0017_chunk_1']",The provided evidence does not contain any information about the acknowledge or mitigation targets for Severity 4 incidents.,0.3215396404266357,0.1538461538461538,0.2815423309803009
q_0019,"According to the SLA policy, what is the acknowledge and mitigation target for Severity 4 incidents?","Acknowledge within 10 minutes, mitigation within 60 minutes.",dense,1,0.1666666666666666,"['doc_0035_chunk_1', 'doc_0026_chunk_1', 'doc_0025_chunk_1', 'doc_0023_chunk_1', 'doc_0017_chunk_1']",['doc_0667_chunk_1'],"['doc_0035_chunk_1', 'doc_0026_chunk_1', 'doc_0025_chunk_1', 'doc_0023_chunk_1', 'doc_0017_chunk_1', 'doc_0667_chunk_1']",The provided evidence does not contain any information about the acknowledge and mitigation targets for Severity 4 incidents.,0.3037977218627929,0.1538461538461538,0.3010371327400207
q_0019,"According to the SLA policy, what is the acknowledge and mitigation target for Severity 4 incidents?","Acknowledge within 10 minutes, mitigation within 60 minutes.",dense,2,0.2857142857142857,"['doc_0035_chunk_1', 'doc_0026_chunk_1', 'doc_0025_chunk_1', 'doc_0023_chunk_1', 'doc_0017_chunk_1']","['doc_0214_chunk_1', 'doc_0261_chunk_3']","['doc_0035_chunk_1', 'doc_0026_chunk_1', 'doc_0025_chunk_1', 'doc_0023_chunk_1', 'doc_0017_chunk_1', 'doc_0214_chunk_1', 'doc_0261_chunk_3']",The provided evidence does not contain any information about the acknowledge or mitigation targets for Severity 4 incidents.,0.4487066268920898,0.1538461538461538,0.2815423309803009
q_0019,"According to the SLA policy, what is the acknowledge and mitigation target for Severity 4 incidents?","Acknowledge within 10 minutes, mitigation within 60 minutes.",dense,4,0.4444444444444444,"['doc_0035_chunk_1', 'doc_0026_chunk_1', 'doc_0025_chunk_1', 'doc_0023_chunk_1', 'doc_0017_chunk_1']","['doc_0407_chunk_3', 'doc_0299_chunk_3', 'doc_0082_chunk_2', 'doc_0793_chunk_2']","['doc_0035_chunk_1', 'doc_0026_chunk_1', 'doc_0025_chunk_1', 'doc_0023_chunk_1', 'doc_0017_chunk_1', 'doc_0407_chunk_3', 'doc_0299_chunk_3', 'doc_0082_chunk_2', 'doc_0793_chunk_2']","According to the SLA policy, Severity 4 incidents (multi‑region outages) must be acknowledged within **10 minutes** and mitigated within **60 minutes**.",0.3614294528961181,0.3999999999999999,0.5556537508964539
q_0019,"According to the SLA policy, what is the acknowledge and mitigation target for Severity 4 incidents?","Acknowledge within 10 minutes, mitigation within 60 minutes.",hybrid,0,0.0,"['doc_1100_chunk_2', 'doc_0224_chunk_2', 'doc_0026_chunk_2', 'doc_1169_chunk_2', 'doc_0509_chunk_2']",[],"['doc_1100_chunk_2', 'doc_0224_chunk_2', 'doc_0026_chunk_2', 'doc_1169_chunk_2', 'doc_0509_chunk_2']","According to the SLA policy, the target for Severity 4 incidents is to acknowledge the incident within **10 minutes** and to begin mitigation within **60 minutes**.",0.1515412330627441,0.4705882352941176,0.653620719909668
q_0019,"According to the SLA policy, what is the acknowledge and mitigation target for Severity 4 incidents?","Acknowledge within 10 minutes, mitigation within 60 minutes.",hybrid,1,0.1666666666666666,"['doc_1100_chunk_2', 'doc_0224_chunk_2', 'doc_0026_chunk_2', 'doc_1169_chunk_2', 'doc_0509_chunk_2']",['doc_1006_chunk_2'],"['doc_1100_chunk_2', 'doc_0224_chunk_2', 'doc_0026_chunk_2', 'doc_1169_chunk_2', 'doc_0509_chunk_2', 'doc_1006_chunk_2']","According to the SLA policy, the target for Severity 4 incidents is to acknowledge the incident within **10 minutes** and to begin mitigation within **60 minutes**.",0.2165393829345703,0.4705882352941176,0.653620719909668
q_0019,"According to the SLA policy, what is the acknowledge and mitigation target for Severity 4 incidents?","Acknowledge within 10 minutes, mitigation within 60 minutes.",hybrid,2,0.2857142857142857,"['doc_1100_chunk_2', 'doc_0224_chunk_2', 'doc_0026_chunk_2', 'doc_1169_chunk_2', 'doc_0509_chunk_2']","['doc_0742_chunk_1', 'doc_0084_chunk_2']","['doc_1100_chunk_2', 'doc_0224_chunk_2', 'doc_0026_chunk_2', 'doc_1169_chunk_2', 'doc_0509_chunk_2', 'doc_0742_chunk_1', 'doc_0084_chunk_2']","According to the SLA policy, the targets for Severity 4 incidents are:

- **Acknowledge:** within 10 minutes  
- **Mitigation:** within 60 minutes",0.3472728729248047,0.5714285714285715,0.5528098940849304
q_0019,"According to the SLA policy, what is the acknowledge and mitigation target for Severity 4 incidents?","Acknowledge within 10 minutes, mitigation within 60 minutes.",hybrid,4,0.4444444444444444,"['doc_1100_chunk_2', 'doc_0224_chunk_2', 'doc_0026_chunk_2', 'doc_1169_chunk_2', 'doc_0509_chunk_2']","['doc_1023_chunk_1', 'doc_0429_chunk_3', 'doc_0079_chunk_2', 'doc_0069_chunk_3']","['doc_1100_chunk_2', 'doc_0224_chunk_2', 'doc_0026_chunk_2', 'doc_1169_chunk_2', 'doc_0509_chunk_2', 'doc_1023_chunk_1', 'doc_0429_chunk_3', 'doc_0079_chunk_2', 'doc_0069_chunk_3']","According to the SLA policy, the target for Severity 4 incidents is to acknowledge the incident within **10 minutes** and to complete mitigation within **60 minutes**.",0.3539950847625732,0.4705882352941176,0.662317156791687
q_0020,Answer using evidence. What is the correct key detail from 'Security advisory: credential stuffing patterns' (ignore unrelated notes)?,7 or suspicious activity is confirmed,bm25,0,0.0,"['doc_0012_chunk_3', 'doc_0014_chunk_3', 'doc_1045_chunk_3', 'doc_0017_chunk_3', 'doc_1058_chunk_3']",[],"['doc_0012_chunk_3', 'doc_0014_chunk_3', 'doc_1045_chunk_3', 'doc_0017_chunk_3', 'doc_1058_chunk_3']","The evidence provided does not contain any information about the “Security advisory: credential stuffing patterns.” Therefore, I cannot provide the requested key detail.",0.1680467128753662,0.0,0.3543196320533752
q_0020,Answer using evidence. What is the correct key detail from 'Security advisory: credential stuffing patterns' (ignore unrelated notes)?,7 or suspicious activity is confirmed,bm25,1,0.1666666666666666,"['doc_0012_chunk_3', 'doc_0014_chunk_3', 'doc_1045_chunk_3', 'doc_0017_chunk_3', 'doc_1058_chunk_3']",['doc_0799_chunk_2'],"['doc_0012_chunk_3', 'doc_0014_chunk_3', 'doc_1045_chunk_3', 'doc_0017_chunk_3', 'doc_1058_chunk_3', 'doc_0799_chunk_2']","The evidence provided does not contain any information about the “Security advisory: credential stuffing patterns.” Therefore, I cannot provide a key detail from that advisory.",0.431074857711792,0.0,0.3424786627292633
q_0020,Answer using evidence. What is the correct key detail from 'Security advisory: credential stuffing patterns' (ignore unrelated notes)?,7 or suspicious activity is confirmed,bm25,2,0.2857142857142857,"['doc_0012_chunk_3', 'doc_0014_chunk_3', 'doc_1045_chunk_3', 'doc_0017_chunk_3', 'doc_1058_chunk_3']","['doc_0652_chunk_3', 'doc_0688_chunk_2']","['doc_0012_chunk_3', 'doc_0014_chunk_3', 'doc_1045_chunk_3', 'doc_0017_chunk_3', 'doc_1058_chunk_3', 'doc_0652_chunk_3', 'doc_0688_chunk_2']","The provided evidence does not contain any information about the “Security advisory: credential stuffing patterns.” Therefore, I cannot provide a key detail from that advisory.",0.3855898380279541,0.0,0.3391604423522949
q_0020,Answer using evidence. What is the correct key detail from 'Security advisory: credential stuffing patterns' (ignore unrelated notes)?,7 or suspicious activity is confirmed,bm25,4,0.4444444444444444,"['doc_0012_chunk_3', 'doc_0014_chunk_3', 'doc_1045_chunk_3', 'doc_0017_chunk_3', 'doc_1058_chunk_3']","['doc_1166_chunk_3', 'doc_0727_chunk_1', 'doc_0216_chunk_3', 'doc_0079_chunk_2']","['doc_0012_chunk_3', 'doc_0014_chunk_3', 'doc_1045_chunk_3', 'doc_0017_chunk_3', 'doc_1058_chunk_3', 'doc_1166_chunk_3', 'doc_0727_chunk_1', 'doc_0216_chunk_3', 'doc_0079_chunk_2']","The provided evidence does not contain any information about the “Security advisory: credential stuffing patterns.” Therefore, I cannot provide a key detail from that advisory.",0.5187554359436035,0.0,0.3391604423522949
q_0020,Answer using evidence. What is the correct key detail from 'Security advisory: credential stuffing patterns' (ignore unrelated notes)?,7 or suspicious activity is confirmed,dense,0,0.0,"['doc_0033_chunk_1', 'doc_0028_chunk_1', 'doc_0021_chunk_1', 'doc_0015_chunk_1', 'doc_0009_chunk_1']",[],"['doc_0033_chunk_1', 'doc_0028_chunk_1', 'doc_0021_chunk_1', 'doc_0015_chunk_1', 'doc_0009_chunk_1']","The advisory notes that credential‑stuffing attacks show recurring patterns, with key signals being repeated login failures, distributed IP addresses, and abnormal device fingerprints.",0.3809676170349121,0.0,0.3977873921394348
q_0020,Answer using evidence. What is the correct key detail from 'Security advisory: credential stuffing patterns' (ignore unrelated notes)?,7 or suspicious activity is confirmed,dense,1,0.1666666666666666,"['doc_0033_chunk_1', 'doc_0028_chunk_1', 'doc_0021_chunk_1', 'doc_0015_chunk_1', 'doc_0009_chunk_1']",['doc_0696_chunk_1'],"['doc_0033_chunk_1', 'doc_0028_chunk_1', 'doc_0021_chunk_1', 'doc_0015_chunk_1', 'doc_0009_chunk_1', 'doc_0696_chunk_1']","The advisory notes that credential‑stuffing attacks show recurring patterns, with key signals being repeated login failures, distributed IP addresses, and abnormal device fingerprints.",0.360414981842041,0.0,0.3977873921394348
q_0020,Answer using evidence. What is the correct key detail from 'Security advisory: credential stuffing patterns' (ignore unrelated notes)?,7 or suspicious activity is confirmed,dense,2,0.2857142857142857,"['doc_0033_chunk_1', 'doc_0028_chunk_1', 'doc_0021_chunk_1', 'doc_0015_chunk_1', 'doc_0009_chunk_1']","['doc_0112_chunk_1', 'doc_1165_chunk_1']","['doc_0033_chunk_1', 'doc_0028_chunk_1', 'doc_0021_chunk_1', 'doc_0015_chunk_1', 'doc_0009_chunk_1', 'doc_0112_chunk_1', 'doc_1165_chunk_1']","The advisory notes that credential‑stuffing activity is identified by **repeated login failures, distributed IP addresses, and abnormal device fingerprints**.",0.162353515625,0.1538461538461538,0.4036706984043121
q_0020,Answer using evidence. What is the correct key detail from 'Security advisory: credential stuffing patterns' (ignore unrelated notes)?,7 or suspicious activity is confirmed,dense,4,0.4444444444444444,"['doc_0033_chunk_1', 'doc_0028_chunk_1', 'doc_0021_chunk_1', 'doc_0015_chunk_1', 'doc_0009_chunk_1']","['doc_0256_chunk_2', 'doc_0096_chunk_1', 'doc_0815_chunk_1', 'doc_0095_chunk_2']","['doc_0033_chunk_1', 'doc_0028_chunk_1', 'doc_0021_chunk_1', 'doc_0015_chunk_1', 'doc_0009_chunk_1', 'doc_0256_chunk_2', 'doc_0096_chunk_1', 'doc_0815_chunk_1', 'doc_0095_chunk_2']","The advisory notes that credential‑stuffing attacks show recurring patterns, and the key signals to watch for are:

* repeated login failures  
* distributed IP addresses  
* abnormal device fingerprints.",0.41656970977783203,0.0,0.43096524477005005
q_0020,Answer using evidence. What is the correct key detail from 'Security advisory: credential stuffing patterns' (ignore unrelated notes)?,7 or suspicious activity is confirmed,hybrid,0,0.0,"['doc_1013_chunk_3', 'doc_0049_chunk_3', 'doc_1187_chunk_3', 'doc_0035_chunk_3', 'doc_1055_chunk_3']",[],"['doc_1013_chunk_3', 'doc_0049_chunk_3', 'doc_1187_chunk_3', 'doc_0035_chunk_3', 'doc_1055_chunk_3']","The evidence provided does not contain any information about the “Security advisory: credential stuffing patterns.” Therefore, I cannot determine the correct key detail from that advisory.",0.4415719509124756,0.0,0.33717209100723267
q_0020,Answer using evidence. What is the correct key detail from 'Security advisory: credential stuffing patterns' (ignore unrelated notes)?,7 or suspicious activity is confirmed,hybrid,1,0.16666666666666666,"['doc_1013_chunk_3', 'doc_0049_chunk_3', 'doc_1187_chunk_3', 'doc_0035_chunk_3', 'doc_1055_chunk_3']",['doc_0923_chunk_2'],"['doc_1013_chunk_3', 'doc_0049_chunk_3', 'doc_1187_chunk_3', 'doc_0035_chunk_3', 'doc_1055_chunk_3', 'doc_0923_chunk_2']","The provided evidence does not contain any information about the “Security advisory: credential stuffing patterns.” Therefore, I cannot provide a key detail from that advisory.",0.3808307647705078,0.0,0.3391604423522949
q_0020,Answer using evidence. What is the correct key detail from 'Security advisory: credential stuffing patterns' (ignore unrelated notes)?,7 or suspicious activity is confirmed,hybrid,2,0.2857142857142857,"['doc_1013_chunk_3', 'doc_0049_chunk_3', 'doc_1187_chunk_3', 'doc_0035_chunk_3', 'doc_1055_chunk_3']","['doc_1179_chunk_1', 'doc_0322_chunk_3']","['doc_1013_chunk_3', 'doc_0049_chunk_3', 'doc_1187_chunk_3', 'doc_0035_chunk_3', 'doc_1055_chunk_3', 'doc_1179_chunk_1', 'doc_0322_chunk_3']","The provided evidence does not contain any information about the “Security advisory: credential stuffing patterns.” Therefore, I cannot provide a key detail from that advisory.",0.3558323383331299,0.0,0.3391604423522949
q_0020,Answer using evidence. What is the correct key detail from 'Security advisory: credential stuffing patterns' (ignore unrelated notes)?,7 or suspicious activity is confirmed,hybrid,4,0.4444444444444444,"['doc_1013_chunk_3', 'doc_0049_chunk_3', 'doc_1187_chunk_3', 'doc_0035_chunk_3', 'doc_1055_chunk_3']","['doc_0552_chunk_3', 'doc_0165_chunk_2', 'doc_0779_chunk_2', 'doc_0337_chunk_3']","['doc_1013_chunk_3', 'doc_0049_chunk_3', 'doc_1187_chunk_3', 'doc_0035_chunk_3', 'doc_1055_chunk_3', 'doc_0552_chunk_3', 'doc_0165_chunk_2', 'doc_0779_chunk_2', 'doc_0337_chunk_3']",The provided evidence does not contain any information about the key detail from “Security advisory: credential stuffing patterns.”,0.3359243869781494,0.0,0.37897101044654846